<?xml version = '1.0' encoding = 'UTF-8'?>
<Diagram class="oracle.dbtools.crest.swingui.logical.DPVLogical" name="Logical" id="99F9E3B2-3ABC-9963-A405-151E466352EC">
<createdBy>k_vin</createdBy>
<modifiedBy>k_vin</modifiedBy>
<createdTime>2025-08-28 18:32:50 UTC</createdTime>
<autoRoute>false</autoRoute>
<boxInbox>false</boxInbox>
<showLegend>false</showLegend>
<showLabels>false</showLabels>
<showRelAttributes>true</showRelAttributes>
<gridEnabled>false</gridEnabled>
<showGrid>false</showGrid>
<diagramColor>-1</diagramColor>
<display>false</display>
<notation>1</notation>
<objectViews>
<OView class="oracle.dbtools.crest.swingui.logical.TVEntity" oid="0190F43F-F86F-2FEA-BDDD-D3583EF988D8" otype="Entity" vid="5A44BD02-FF70-01DE-E9E5-4C6873962E3C">
<hideElementsInCurrentOnly>false</hideElementsInCurrentOnly>
<bounds x="1300" y="55" width="202" height="172"/>
</OView>
<OView class="oracle.dbtools.crest.swingui.logical.TVEntity" oid="056903D0-25AC-5F48-4C9C-B29FBAB8957C" otype="Entity" vid="4075590C-6C8F-64FF-EBFE-BE70871257C4">
<hideElementsInCurrentOnly>false</hideElementsInCurrentOnly>
<bounds x="1161" y="347" width="184" height="80"/>
</OView>
<OView class="oracle.dbtools.crest.swingui.logical.TVEntity" oid="14072CE4-20E9-4FBF-DEE5-D6A516694A97" otype="Entity" vid="99836A04-612B-709D-D195-56A4B1830C8B">
<hideElementsInCurrentOnly>false</hideElementsInCurrentOnly>
<bounds x="730" y="51" width="216" height="147"/>
</OView>
<OView class="oracle.dbtools.crest.swingui.logical.TVEntity" oid="185E5BC1-2EC9-3B0B-A2B8-DF1CDC59F9FC" otype="Entity" vid="4DA19210-DE28-378F-0200-F76BC106E9E5">
<hideElementsInCurrentOnly>false</hideElementsInCurrentOnly>
<bounds x="130" y="0" width="176" height="89"/>
</OView>
<OView class="oracle.dbtools.crest.swingui.logical.TVEntity" oid="20D499BB-35B7-9133-A753-0DD17CC4009D" otype="Entity" vid="178BF5D6-A4AB-D400-4268-5D0469B0E769">
<hideElementsInCurrentOnly>false</hideElementsInCurrentOnly>
<bounds x="869" y="574" width="199" height="67"/>
</OView>
<OView class="oracle.dbtools.crest.swingui.logical.TVEntity" oid="34D4D34F-2E36-5828-B2D5-A50D7BE5947F" otype="Entity" vid="1890382E-7B1C-B8AA-1680-0E3F15503D28">
<hideElementsInCurrentOnly>false</hideElementsInCurrentOnly>
<bounds x="100" y="340" width="253" height="133"/>
</OView>
<OView class="oracle.dbtools.crest.swingui.logical.TVEntity" oid="4450C594-12FE-2BD9-56B8-2FFE393A0D54" otype="Entity" vid="A0CA21CA-5927-5A86-FA01-0C827764FC83">
<hideElementsInCurrentOnly>false</hideElementsInCurrentOnly>
<bounds x="123" y="167" width="196" height="104"/>
</OView>
<OView class="oracle.dbtools.crest.swingui.logical.TVEntity" oid="4898DE26-6EC4-1DB2-09A0-F3DDF769B16D" otype="Entity" vid="C8D241DD-5DA1-512F-1B15-60DDCB3CF0FA">
<hideElementsInCurrentOnly>false</hideElementsInCurrentOnly>
<bounds x="869" y="686" width="204" height="54"/>
</OView>
<OView class="oracle.dbtools.crest.swingui.logical.TVEntity" oid="7AA776ED-EA03-6341-8B8E-4A53C5E382A0" otype="Entity" vid="EBE1EB9B-B5B3-F33D-7695-4AB4D1E1F9CB">
<hideElementsInCurrentOnly>false</hideElementsInCurrentOnly>
<bounds x="464" y="351" width="206" height="112"/>
</OView>
<OView class="oracle.dbtools.crest.swingui.logical.TVEntity" oid="940A326B-51D7-FC8F-223C-A70609012F46" otype="Entity" vid="C55A9ABA-9FCA-4274-1475-8852F7AAA6A0">
<hideElementsInCurrentOnly>false</hideElementsInCurrentOnly>
<bounds x="766" y="347" width="238" height="174"/>
</OView>
<OView class="oracle.dbtools.crest.swingui.logical.TVEntity" oid="AA16EBD9-1CDB-0429-45FE-4B4DCC583252" otype="Entity" vid="1E00AA23-94F8-30E2-7F19-2C4C524C3E95">
<hideElementsInCurrentOnly>false</hideElementsInCurrentOnly>
<bounds x="1157" y="471" width="198" height="81"/>
</OView>
<OView class="oracle.dbtools.crest.swingui.logical.TVEntity" oid="E63A03F1-A0D0-82BA-A9DD-B0214B5C6E3C" otype="Entity" vid="C3AB1C06-B192-80EF-407D-CAD7203ADC56">
<hideElementsInCurrentOnly>false</hideElementsInCurrentOnly>
<bounds x="1035" y="57" width="203" height="138"/>
</OView>
<OView class="oracle.dbtools.crest.swingui.logical.TVEntity" oid="ECDC775A-6F4B-B1DF-CD7C-FE5658C097B6" otype="Entity" vid="9DB5FB7E-8F31-870A-6395-4CC7A01151FC">
<hideElementsInCurrentOnly>false</hideElementsInCurrentOnly>
<bounds x="100" y="613" width="262" height="134"/>
</OView>
<OView class="oracle.dbtools.crest.swingui.logical.TVEntity" oid="F4F42428-ED7E-7BF2-19C2-7664F1D37889" otype="Entity" vid="CBB97EDB-AF9D-62EB-7FC0-B8BAE61DCA9A">
<hideElementsInCurrentOnly>false</hideElementsInCurrentOnly>
<bounds x="519" y="590" width="249" height="146"/>
</OView>
</objectViews>
<connectors>
<Connector class="oracle.dbtools.crest.swingui.logical.TVRelation" oid="0FB20E15-D90D-A067-D1E6-DCD7087853A7" otype="Relation" vid_source="C3AB1C06-B192-80EF-407D-CAD7203ADC56" vid_target="99836A04-612B-709D-D195-56A4B1830C8B">
<hideElementsInCurrentOnly>false</hideElementsInCurrentOnly>
<backgroundColor>-16777216</backgroundColor>
<lineWidth>1</lineWidth>
<points>
<point x="1035" y="141"/>
<point x="946" y="141"/>
</points>
</Connector>
<Connector class="oracle.dbtools.crest.swingui.logical.TVRelation" oid="1350960F-0A96-F687-242E-8073506DACF8" otype="Relation" vid_source="C55A9ABA-9FCA-4274-1475-8852F7AAA6A0" vid_target="99836A04-612B-709D-D195-56A4B1830C8B">
<hideElementsInCurrentOnly>false</hideElementsInCurrentOnly>
<backgroundColor>-16777216</backgroundColor>
<lineWidth>1</lineWidth>
<points>
<point x="856" y="347"/>
<point x="856" y="198"/>
</points>
</Connector>
<Connector class="oracle.dbtools.crest.swingui.logical.TVRelation" oid="3C5A7A08-E552-C481-DCF6-D0FA4FF19350" otype="Relation" vid_source="A0CA21CA-5927-5A86-FA01-0C827764FC83" vid_target="1890382E-7B1C-B8AA-1680-0E3F15503D28">
<hideElementsInCurrentOnly>false</hideElementsInCurrentOnly>
<backgroundColor>-16777216</backgroundColor>
<lineWidth>1</lineWidth>
<points>
<point x="221" y="271"/>
<point x="221" y="340"/>
</points>
</Connector>
<Connector class="oracle.dbtools.crest.swingui.logical.TVRelation" oid="456F07CC-1ED3-C820-61C6-123EFC0B77AF" otype="Relation" vid_source="1890382E-7B1C-B8AA-1680-0E3F15503D28" vid_target="EBE1EB9B-B5B3-F33D-7695-4AB4D1E1F9CB">
<hideElementsInCurrentOnly>false</hideElementsInCurrentOnly>
<backgroundColor>-16777216</backgroundColor>
<lineWidth>1</lineWidth>
<points>
<point x="353" y="407"/>
<point x="464" y="407"/>
</points>
</Connector>
<Connector class="oracle.dbtools.crest.swingui.logical.TVRelation" oid="4F1F087F-506C-2A1D-6E6C-C434C0F97647" otype="Relation" vid_source="EBE1EB9B-B5B3-F33D-7695-4AB4D1E1F9CB" vid_target="C55A9ABA-9FCA-4274-1475-8852F7AAA6A0">
<hideElementsInCurrentOnly>false</hideElementsInCurrentOnly>
<backgroundColor>-16777216</backgroundColor>
<lineWidth>1</lineWidth>
<points>
<point x="670" y="407"/>
<point x="766" y="407"/>
</points>
</Connector>
<Connector class="oracle.dbtools.crest.swingui.logical.TVRelation" oid="5F9E5558-B84D-6600-3EDA-59C72ED3DABC" otype="Relation" vid_source="5A44BD02-FF70-01DE-E9E5-4C6873962E3C" vid_target="C3AB1C06-B192-80EF-407D-CAD7203ADC56">
<hideElementsInCurrentOnly>false</hideElementsInCurrentOnly>
<backgroundColor>-16777216</backgroundColor>
<lineWidth>1</lineWidth>
<points>
<point x="1300" y="141"/>
<point x="1238" y="141"/>
</points>
</Connector>
<Connector class="oracle.dbtools.crest.swingui.logical.TVRelation" oid="65217E19-774F-31C8-75DB-3C15E56E8ACD" otype="Relation" vid_source="9DB5FB7E-8F31-870A-6395-4CC7A01151FC" vid_target="1890382E-7B1C-B8AA-1680-0E3F15503D28">
<hideElementsInCurrentOnly>false</hideElementsInCurrentOnly>
<backgroundColor>-16777216</backgroundColor>
<lineWidth>1</lineWidth>
<points>
<point x="226" y="613"/>
<point x="226" y="473"/>
</points>
</Connector>
<Connector class="oracle.dbtools.crest.swingui.logical.TVRelation" oid="78DF47BA-61EC-FAF8-7670-A237D6AFFAF0" otype="Relation" vid_source="4DA19210-DE28-378F-0200-F76BC106E9E5" vid_target="A0CA21CA-5927-5A86-FA01-0C827764FC83">
<hideElementsInCurrentOnly>false</hideElementsInCurrentOnly>
<backgroundColor>-16777216</backgroundColor>
<lineWidth>1</lineWidth>
<points>
<point x="233" y="89"/>
<point x="233" y="167"/>
</points>
</Connector>
<Connector class="oracle.dbtools.crest.swingui.logical.TVInheritanceRelation" oid="7E0F78D2-7AB9-A833-1626-E7FF2EBE8BF5" otype="Hierarchy relation" vid_source="CBB97EDB-AF9D-62EB-7FC0-B8BAE61DCA9A" vid_target="C8D241DD-5DA1-512F-1B15-60DDCB3CF0FA">
<hideElementsInCurrentOnly>false</hideElementsInCurrentOnly>
<backgroundColor>-65536</backgroundColor>
<lineWidth>1</lineWidth>
<points>
<point x="768" y="711"/>
<point x="869" y="711"/>
</points>
</Connector>
<Connector class="oracle.dbtools.crest.swingui.logical.TVRelation" oid="A2560339-D1E7-DFAD-0BB9-8583355449F5" otype="Relation" vid_source="1890382E-7B1C-B8AA-1680-0E3F15503D28" vid_target="CBB97EDB-AF9D-62EB-7FC0-B8BAE61DCA9A">
<hideElementsInCurrentOnly>false</hideElementsInCurrentOnly>
<backgroundColor>-16777216</backgroundColor>
<lineWidth>1</lineWidth>
<points>
<point x="334" y="473"/>
<point x="524" y="590"/>
</points>
</Connector>
<Connector class="oracle.dbtools.crest.swingui.logical.TVInheritanceRelation" oid="AF619869-8318-1005-6201-D27FD9664CD9" otype="Hierarchy relation" vid_source="C55A9ABA-9FCA-4274-1475-8852F7AAA6A0" vid_target="4075590C-6C8F-64FF-EBFE-BE70871257C4">
<hideElementsInCurrentOnly>false</hideElementsInCurrentOnly>
<backgroundColor>-65536</backgroundColor>
<lineWidth>1</lineWidth>
<points>
<point x="1004" y="387"/>
<point x="1161" y="387"/>
</points>
</Connector>
<Connector class="oracle.dbtools.crest.swingui.logical.TVInheritanceRelation" oid="C550CD98-86BA-2E06-90D0-D007410451AA" otype="Hierarchy relation" vid_source="CBB97EDB-AF9D-62EB-7FC0-B8BAE61DCA9A" vid_target="178BF5D6-A4AB-D400-4268-5D0469B0E769">
<hideElementsInCurrentOnly>false</hideElementsInCurrentOnly>
<backgroundColor>-65536</backgroundColor>
<lineWidth>1</lineWidth>
<points>
<point x="768" y="615"/>
<point x="869" y="615"/>
</points>
</Connector>
<Connector class="oracle.dbtools.crest.swingui.logical.TVInheritanceRelation" oid="D4EC2599-91C4-CE21-E1E1-B2504CD2F43F" otype="Hierarchy relation" vid_source="C55A9ABA-9FCA-4274-1475-8852F7AAA6A0" vid_target="1E00AA23-94F8-30E2-7F19-2C4C524C3E95">
<hideElementsInCurrentOnly>false</hideElementsInCurrentOnly>
<backgroundColor>-65536</backgroundColor>
<lineWidth>1</lineWidth>
<points>
<point x="1004" y="496"/>
<point x="1157" y="496"/>
</points>
</Connector>
</connectors>
<arcs>
<Arc class="oracle.dbtools.crest.swingui.logical.TVArc" oid="3AE61659-1493-5C52-955D-35A43F428F26" otype="Arc" vid="69E6F071-5716-F5DA-E74C-9AD82B5F75CE">
<hideElementsInCurrentOnly>false</hideElementsInCurrentOnly>
<bounds x="746" y="327" width="278" height="214"/>
</Arc>
<Arc class="oracle.dbtools.crest.swingui.logical.TVArc" oid="9172121A-1509-10F7-9825-0220580A7A9A" otype="Arc" vid="8CA1316F-7927-2C09-6837-B79B4950B1F0">
<hideElementsInCurrentOnly>false</hideElementsInCurrentOnly>
<bounds x="499" y="570" width="289" height="186"/>
</Arc>
</arcs>
</Diagram>