<?xml version = '1.0' encoding = 'UTF-8'?>
<Entity class="oracle.dbtools.crest.model.design.logical.Entity" directorySegmentName="seg_0" id="A97A26E2-95A0-879E-335C-93C01F50991B" name="RESERVA">
<createdBy>k_vin</createdBy>
<createdTime>2025-08-25 07:33:27 UTC</createdTime>
<ownerDesignName>BT&amp;Airways</ownerDesignName>
<engineerTo>
<item key="F3AFACFA-E855-1113-53DA-94ED0167D15A" value="true"/>
</engineerTo>
<adequatelyNormalized>NO</adequatelyNormalized>
<expectedVolumes>0</expectedVolumes>
<fwdEngineeringStrategyName>Single Table</fwdEngineeringStrategyName>
<growthPercent>0</growthPercent>
<growthType>Year</growthType>
<maxVolumes>9999999</maxVolumes>
<minVolumes>0</minVolumes>
<normalForm>Third</normalForm>
<attributes itemClass="oracle.dbtools.crest.model.design.logical.Attribute">
<Attribute name="numero_reserva" id="009EA821-0803-343F-876E-49E9D2104C38">
<createdBy>k_vin</createdBy>
<createdTime>2025-08-25 07:57:57 UTC</createdTime>
<ownerDesignName>BT&amp;Airways</ownerDesignName>
<engineerTo>
<item key="F3AFACFA-E855-1113-53DA-94ED0167D15A" value="true"/>
</engineerTo>
<useDomainConstraints>false</useDomainConstraints>
<use>1</use>
<logicalDatatype>LOGDT019</logicalDatatype>
<ownDataTypeParameters>,,</ownDataTypeParameters>
</Attribute>
<Attribute name="fecha_reserva" id="9D40D4CE-CB06-49B3-B14E-388E3302DF9D">
<createdBy>k_vin</createdBy>
<createdTime>2025-08-25 07:57:57 UTC</createdTime>
<ownerDesignName>BT&amp;Airways</ownerDesignName>
<engineerTo>
<item key="F3AFACFA-E855-1113-53DA-94ED0167D15A" value="true"/>
</engineerTo>
<nullsAllowed>true</nullsAllowed>
<useDomainConstraints>false</useDomainConstraints>
<use>1</use>
<logicalDatatype>LOGDT007</logicalDatatype>
<ownDataTypeParameters>,,</ownDataTypeParameters>
</Attribute>
<Attribute name="fecha_viaje" id="F8EB2D7C-1195-4671-AB4F-C9FE2654F69D">
<createdBy>k_vin</createdBy>
<createdTime>2025-08-25 07:57:58 UTC</createdTime>
<ownerDesignName>BT&amp;Airways</ownerDesignName>
<engineerTo>
<item key="F3AFACFA-E855-1113-53DA-94ED0167D15A" value="true"/>
</engineerTo>
<nullsAllowed>true</nullsAllowed>
<useDomainConstraints>false</useDomainConstraints>
<use>1</use>
<logicalDatatype>LOGDT007</logicalDatatype>
<ownDataTypeParameters>,,</ownDataTypeParameters>
</Attribute>
<Attribute name="estado" id="67309542-94E4-BB4A-A917-140179AFE5AA">
<createdBy>k_vin</createdBy>
<createdTime>2025-08-25 07:57:58 UTC</createdTime>
<ownerDesignName>BT&amp;Airways</ownerDesignName>
<engineerTo>
<item key="F3AFACFA-E855-1113-53DA-94ED0167D15A" value="true"/>
</engineerTo>
<nullsAllowed>true</nullsAllowed>
<useDomainConstraints>false</useDomainConstraints>
<use>1</use>
<logicalDatatype>LOGDT006</logicalDatatype>
<dataTypeSize>1 CHAR</dataTypeSize>
<ownDataTypeParameters>1 CHAR,,</ownDataTypeParameters>
</Attribute>
<Attribute name="id_pasajero" id="EDC58649-894E-4E95-FC4A-2587A73CAB5A">
<createdBy>k_vin</createdBy>
<createdTime>2025-08-25 08:00:29 UTC</createdTime>
<comment><![CDATA[id_pasajero puede ser pasaporte o cedula]]></comment>
<generatorID>5C97F312-AD76-7F10-FB7A-4403120B4408</generatorID>
<ownerDesignName>BT&amp;Airways</ownerDesignName>
<engineerTo>
<item key="F3AFACFA-E855-1113-53DA-94ED0167D15A" value="true"/>
</engineerTo>
<referedAttribute>7DE8D89E-1548-7CB7-D744-0E6808CA5E8C</referedAttribute>
<useDomainConstraints>false</useDomainConstraints>
<use>1</use>
<logicalDatatype>LOGDT019</logicalDatatype>
<ownDataTypeParameters>,,</ownDataTypeParameters>
</Attribute>
<Attribute name="numero_vuelo" id="981B1E11-476D-F83E-B188-FE0A46C3FA88">
<createdBy>k_vin</createdBy>
<createdTime>2025-08-25 08:05:52 UTC</createdTime>
<generatorID>32C10AEE-9BD4-D20C-A4AE-58AB19930F54</generatorID>
<ownerDesignName>BT&amp;Airways</ownerDesignName>
<engineerTo>
<item key="F3AFACFA-E855-1113-53DA-94ED0167D15A" value="true"/>
</engineerTo>
<referedAttribute>B015655C-A2A2-544B-CB4E-1554A84AECB2</referedAttribute>
<useDomainConstraints>false</useDomainConstraints>
<use>1</use>
<logicalDatatype>LOGDT019</logicalDatatype>
<ownDataTypeParameters>,,</ownDataTypeParameters>
</Attribute>
</attributes>
<identifiers itemClass="oracle.dbtools.crest.model.design.logical.CandidateKey">
<identifier id="351F4847-4BF6-08E1-4876-A5793F350A00" name="RESERVA PK">
<createdBy>k_vin</createdBy>
<createdTime>2025-08-25 07:58:28 UTC</createdTime>
<ownerDesignName>BT&amp;Airways</ownerDesignName>
<engineerTo>
<item key="F3AFACFA-E855-1113-53DA-94ED0167D15A" value="true"/>
</engineerTo>
<pk>true</pk>
<usedAttributes>
<attributeRef>009EA821-0803-343F-876E-49E9D2104C38</attributeRef>
</usedAttributes>
</identifier>
</identifiers>
</Entity>