<?xml version = '1.0' encoding = 'UTF-8'?>
<Entity class="oracle.dbtools.crest.model.design.logical.Entity" directorySegmentName="seg_0" id="BF4E0657-2E4F-CCC0-16E2-C6A50791C573" name="PASAJERO">
<createdBy>k_vin</createdBy>
<createdTime>2025-08-25 07:33:13 UTC</createdTime>
<ownerDesignName>BT&amp;Airways</ownerDesignName>
<engineerTo>
<item key="F3AFACFA-E855-1113-53DA-94ED0167D15A" value="true"/>
</engineerTo>
<adequatelyNormalized>NO</adequatelyNormalized>
<expectedVolumes>0</expectedVolumes>
<fwdEngineeringStrategyName>Single Table</fwdEngineeringStrategyName>
<growthPercent>0</growthPercent>
<growthType>Year</growthType>
<maxVolumes>9999999</maxVolumes>
<minVolumes>0</minVolumes>
<normalForm>Third</normalForm>
<attributes itemClass="oracle.dbtools.crest.model.design.logical.Attribute">
<Attribute name="id_pasajero" id="7DE8D89E-1548-7CB7-D744-0E6808CA5E8C">
<createdBy>k_vin</createdBy>
<createdTime>2025-08-25 07:42:47 UTC</createdTime>
<comment><![CDATA[id_pasajero puede ser pasaporte o cedula]]></comment>
<ownerDesignName>BT&amp;Airways</ownerDesignName>
<engineerTo>
<item key="F3AFACFA-E855-1113-53DA-94ED0167D15A" value="true"/>
</engineerTo>
<useDomainConstraints>false</useDomainConstraints>
<use>1</use>
<logicalDatatype>LOGDT019</logicalDatatype>
<ownDataTypeParameters>,,</ownDataTypeParameters>
</Attribute>
<Attribute name="nombre_completo" id="D8FFFC93-2B68-0859-797D-D8666B01C833">
<createdBy>k_vin</createdBy>
<createdTime>2025-08-25 07:45:22 UTC</createdTime>
<ownerDesignName>BT&amp;Airways</ownerDesignName>
<engineerTo>
<item key="F3AFACFA-E855-1113-53DA-94ED0167D15A" value="true"/>
</engineerTo>
<useDomainConstraints>false</useDomainConstraints>
<use>1</use>
<logicalDatatype>LOGDT024</logicalDatatype>
<ownDataTypeParameters>,,</ownDataTypeParameters>
</Attribute>
<Attribute name="fecha_nacimiento" id="83B47B60-0171-7C60-DAB2-0920867F7720">
<createdBy>k_vin</createdBy>
<createdTime>2025-08-25 07:45:46 UTC</createdTime>
<ownerDesignName>BT&amp;Airways</ownerDesignName>
<engineerTo>
<item key="F3AFACFA-E855-1113-53DA-94ED0167D15A" value="true"/>
</engineerTo>
<useDomainConstraints>false</useDomainConstraints>
<use>1</use>
<logicalDatatype>LOGDT007</logicalDatatype>
<ownDataTypeParameters>,,</ownDataTypeParameters>
</Attribute>
<Attribute name="nacionalidad" id="E9C974FA-3056-D9A2-7801-51FAFC6F0450">
<createdBy>k_vin</createdBy>
<createdTime>2025-08-25 07:45:50 UTC</createdTime>
<ownerDesignName>BT&amp;Airways</ownerDesignName>
<engineerTo>
<item key="F3AFACFA-E855-1113-53DA-94ED0167D15A" value="true"/>
</engineerTo>
<useDomainConstraints>false</useDomainConstraints>
<use>1</use>
<logicalDatatype>LOGDT024</logicalDatatype>
<ownDataTypeParameters>,,</ownDataTypeParameters>
</Attribute>
<Attribute name="telefono" id="07FED7DE-3843-823E-83EF-A8976A3243F0">
<createdBy>k_vin</createdBy>
<createdTime>2025-08-25 07:45:51 UTC</createdTime>
<ownerDesignName>BT&amp;Airways</ownerDesignName>
<engineerTo>
<item key="F3AFACFA-E855-1113-53DA-94ED0167D15A" value="true"/>
</engineerTo>
<nullsAllowed>true</nullsAllowed>
<useDomainConstraints>false</useDomainConstraints>
<use>1</use>
<logicalDatatype>LOGDT019</logicalDatatype>
<ownDataTypeParameters>,,</ownDataTypeParameters>
</Attribute>
<Attribute name="correo" id="394AAE35-8ED4-B440-58DA-AEB7870F223D">
<createdBy>k_vin</createdBy>
<createdTime>2025-08-25 07:48:32 UTC</createdTime>
<ownerDesignName>BT&amp;Airways</ownerDesignName>
<engineerTo>
<item key="F3AFACFA-E855-1113-53DA-94ED0167D15A" value="true"/>
</engineerTo>
<nullsAllowed>true</nullsAllowed>
<useDomainConstraints>false</useDomainConstraints>
<use>1</use>
<logicalDatatype>LOGDT024</logicalDatatype>
<ownDataTypeParameters>,,</ownDataTypeParameters>
</Attribute>
</attributes>
<identifiers itemClass="oracle.dbtools.crest.model.design.logical.CandidateKey">
<identifier id="8BD8CAED-152F-FDD3-4C29-A77288DAF016" name="PASAJERO PK">
<createdBy>k_vin</createdBy>
<createdTime>2025-08-25 07:45:11 UTC</createdTime>
<ownerDesignName>BT&amp;Airways</ownerDesignName>
<engineerTo>
<item key="F3AFACFA-E855-1113-53DA-94ED0167D15A" value="true"/>
</engineerTo>
<pk>true</pk>
<usedAttributes>
<attributeRef>7DE8D89E-1548-7CB7-D744-0E6808CA5E8C</attributeRef>
</usedAttributes>
</identifier>
</identifiers>
</Entity>