<?xml version = '1.0' encoding = 'UTF-8'?>
<Entity class="oracle.dbtools.crest.model.design.logical.Entity" directorySegmentName="seg_0" id="C33687DC-50E7-E3A5-7435-4DB7AF74E39F" name="VUELO">
<createdBy>k_vin</createdBy>
<createdTime>2025-08-25 07:33:44 UTC</createdTime>
<ownerDesignName>BT&amp;Airways</ownerDesignName>
<engineerTo>
<item key="F3AFACFA-E855-1113-53DA-94ED0167D15A" value="true"/>
</engineerTo>
<adequatelyNormalized>NO</adequatelyNormalized>
<expectedVolumes>0</expectedVolumes>
<fwdEngineeringStrategyName>Single Table</fwdEngineeringStrategyName>
<growthPercent>0</growthPercent>
<growthType>Year</growthType>
<maxVolumes>9999999</maxVolumes>
<minVolumes>0</minVolumes>
<normalForm>Third</normalForm>
<attributes itemClass="oracle.dbtools.crest.model.design.logical.Attribute">
<Attribute name="numero_vuelo" id="B015655C-A2A2-544B-CB4E-1554A84AECB2">
<createdBy>k_vin</createdBy>
<createdTime>2025-08-25 08:02:58 UTC</createdTime>
<ownerDesignName>BT&amp;Airways</ownerDesignName>
<engineerTo>
<item key="F3AFACFA-E855-1113-53DA-94ED0167D15A" value="true"/>
</engineerTo>
<useDomainConstraints>false</useDomainConstraints>
<use>1</use>
<logicalDatatype>LOGDT019</logicalDatatype>
<ownDataTypeParameters>,,</ownDataTypeParameters>
</Attribute>
<Attribute name="fecha_despegue" id="44D236D0-F24F-755A-A8AE-5CF44D45C813">
<createdBy>k_vin</createdBy>
<createdTime>2025-08-25 08:02:59 UTC</createdTime>
<ownerDesignName>BT&amp;Airways</ownerDesignName>
<engineerTo>
<item key="F3AFACFA-E855-1113-53DA-94ED0167D15A" value="true"/>
</engineerTo>
<useDomainConstraints>false</useDomainConstraints>
<use>1</use>
<logicalDatatype>LOGDT007</logicalDatatype>
<ownDataTypeParameters>,,</ownDataTypeParameters>
</Attribute>
<Attribute name="fecha_llegada" id="927E230C-60C3-4434-CD11-304F51EE19C3">
<createdBy>k_vin</createdBy>
<createdTime>2025-08-25 08:02:59 UTC</createdTime>
<ownerDesignName>BT&amp;Airways</ownerDesignName>
<engineerTo>
<item key="F3AFACFA-E855-1113-53DA-94ED0167D15A" value="true"/>
</engineerTo>
<useDomainConstraints>false</useDomainConstraints>
<use>1</use>
<logicalDatatype>LOGDT007</logicalDatatype>
<ownDataTypeParameters>,,</ownDataTypeParameters>
</Attribute>
<Attribute name="ciudad_origen" id="0C0CE393-FB8D-15E8-056F-12721DEA5964">
<createdBy>k_vin</createdBy>
<createdTime>2025-08-25 08:02:59 UTC</createdTime>
<ownerDesignName>BT&amp;Airways</ownerDesignName>
<engineerTo>
<item key="F3AFACFA-E855-1113-53DA-94ED0167D15A" value="true"/>
</engineerTo>
<useDomainConstraints>false</useDomainConstraints>
<use>1</use>
<logicalDatatype>LOGDT024</logicalDatatype>
<ownDataTypeParameters>,,</ownDataTypeParameters>
</Attribute>
<Attribute name="ciudad_destino" id="339A3707-F32C-8B5E-AFF4-69012B3C3212">
<createdBy>k_vin</createdBy>
<createdTime>2025-08-25 08:03:00 UTC</createdTime>
<ownerDesignName>BT&amp;Airways</ownerDesignName>
<engineerTo>
<item key="F3AFACFA-E855-1113-53DA-94ED0167D15A" value="true"/>
</engineerTo>
<useDomainConstraints>false</useDomainConstraints>
<use>1</use>
<logicalDatatype>LOGDT024</logicalDatatype>
<ownDataTypeParameters>,,</ownDataTypeParameters>
</Attribute>
<Attribute name="hora_salida" id="C57A2F95-DDD1-1C93-6014-684887D566DC">
<createdBy>k_vin</createdBy>
<createdTime>2025-08-25 08:03:00 UTC</createdTime>
<ownerDesignName>BT&amp;Airways</ownerDesignName>
<engineerTo>
<item key="F3AFACFA-E855-1113-53DA-94ED0167D15A" value="true"/>
</engineerTo>
<useDomainConstraints>false</useDomainConstraints>
<use>1</use>
<logicalDatatype>LOGDT014</logicalDatatype>
<ownDataTypeParameters>,,</ownDataTypeParameters>
</Attribute>
<Attribute name="matricula" id="9BBBF7A9-AA2A-E8B9-12FA-CF0AD9E8C73D">
<createdBy>k_vin</createdBy>
<createdTime>2025-08-25 08:08:01 UTC</createdTime>
<generatorID>99223D21-38FB-0522-F421-BCDD72FA7053</generatorID>
<ownerDesignName>BT&amp;Airways</ownerDesignName>
<engineerTo>
<item key="F3AFACFA-E855-1113-53DA-94ED0167D15A" value="true"/>
</engineerTo>
<referedAttribute>4B8636D1-249F-3969-C801-F8520F839137</referedAttribute>
<useDomainConstraints>false</useDomainConstraints>
<use>1</use>
<logicalDatatype>LOGDT019</logicalDatatype>
<ownDataTypeParameters>,,</ownDataTypeParameters>
</Attribute>
<Attribute name="rut_empleado" id="9A6606EC-17FE-F06F-C62B-6C0EFB1FD097">
<createdBy>k_vin</createdBy>
<createdTime>2025-08-25 08:21:40 UTC</createdTime>
<generatorID>C380BBC8-DA04-66AE-1C70-F2A452F8DAAD</generatorID>
<ownerDesignName>BT&amp;Airways</ownerDesignName>
<engineerTo>
<item key="F3AFACFA-E855-1113-53DA-94ED0167D15A" value="true"/>
</engineerTo>
<referedAttribute>EDE00DC2-61AC-3B39-F392-5DBDF47EFD9A</referedAttribute>
<useDomainConstraints>false</useDomainConstraints>
<use>1</use>
<logicalDatatype>LOGDT019</logicalDatatype>
<ownDataTypeParameters>,,</ownDataTypeParameters>
</Attribute>
</attributes>
<identifiers itemClass="oracle.dbtools.crest.model.design.logical.CandidateKey">
<identifier id="872F25A2-8F2E-8B95-F247-1E1D4548F2AA" name="VUELO PK">
<createdBy>k_vin</createdBy>
<createdTime>2025-08-25 08:03:14 UTC</createdTime>
<ownerDesignName>BT&amp;Airways</ownerDesignName>
<engineerTo>
<item key="F3AFACFA-E855-1113-53DA-94ED0167D15A" value="true"/>
</engineerTo>
<pk>true</pk>
<usedAttributes>
<attributeRef>B015655C-A2A2-544B-CB4E-1554A84AECB2</attributeRef>
</usedAttributes>
</identifier>
</identifiers>
</Entity>