<?xml version = '1.0' encoding = 'UTF-8'?>
<Entity class="oracle.dbtools.crest.model.design.logical.Entity" directorySegmentName="seg_0" id="C4777F74-E1B8-EC67-AAB8-A33A3771C60D" name="AVION">
<createdBy>k_vin</createdBy>
<createdTime>2025-08-25 07:33:55 UTC</createdTime>
<ownerDesignName>BT&amp;Airways</ownerDesignName>
<engineerTo>
<item key="F3AFACFA-E855-1113-53DA-94ED0167D15A" value="true"/>
</engineerTo>
<adequatelyNormalized>NO</adequatelyNormalized>
<expectedVolumes>0</expectedVolumes>
<fwdEngineeringStrategyName>Single Table</fwdEngineeringStrategyName>
<growthPercent>0</growthPercent>
<growthType>Year</growthType>
<maxVolumes>9999999</maxVolumes>
<minVolumes>0</minVolumes>
<normalForm>Third</normalForm>
<attributes itemClass="oracle.dbtools.crest.model.design.logical.Attribute">
<Attribute name="matricula" id="4B8636D1-249F-3969-C801-F8520F839137">
<createdBy>k_vin</createdBy>
<createdTime>2025-08-25 08:06:35 UTC</createdTime>
<ownerDesignName>BT&amp;Airways</ownerDesignName>
<engineerTo>
<item key="F3AFACFA-E855-1113-53DA-94ED0167D15A" value="true"/>
</engineerTo>
<useDomainConstraints>false</useDomainConstraints>
<use>1</use>
<logicalDatatype>LOGDT019</logicalDatatype>
<ownDataTypeParameters>,,</ownDataTypeParameters>
</Attribute>
<Attribute name="marca" id="6D4B7A4A-6815-5045-4834-AF56F540AC93">
<createdBy>k_vin</createdBy>
<createdTime>2025-08-25 08:06:35 UTC</createdTime>
<ownerDesignName>BT&amp;Airways</ownerDesignName>
<engineerTo>
<item key="F3AFACFA-E855-1113-53DA-94ED0167D15A" value="true"/>
</engineerTo>
<useDomainConstraints>false</useDomainConstraints>
<use>1</use>
<logicalDatatype>LOGDT024</logicalDatatype>
<ownDataTypeParameters>,,</ownDataTypeParameters>
</Attribute>
<Attribute name="modelo" id="32A08343-A99C-24BD-3DA5-72A879653CE7">
<createdBy>k_vin</createdBy>
<createdTime>2025-08-25 08:06:35 UTC</createdTime>
<ownerDesignName>BT&amp;Airways</ownerDesignName>
<engineerTo>
<item key="F3AFACFA-E855-1113-53DA-94ED0167D15A" value="true"/>
</engineerTo>
<useDomainConstraints>false</useDomainConstraints>
<use>1</use>
<logicalDatatype>LOGDT024</logicalDatatype>
<ownDataTypeParameters>,,</ownDataTypeParameters>
</Attribute>
<Attribute name="capacidad" id="9D50CCAF-05E7-68DA-202E-92E28980CD64">
<createdBy>k_vin</createdBy>
<createdTime>2025-08-25 08:06:36 UTC</createdTime>
<ownerDesignName>BT&amp;Airways</ownerDesignName>
<engineerTo>
<item key="F3AFACFA-E855-1113-53DA-94ED0167D15A" value="true"/>
</engineerTo>
<useDomainConstraints>false</useDomainConstraints>
<use>1</use>
<logicalDatatype>LOGDT019</logicalDatatype>
<ownDataTypeParameters>,,</ownDataTypeParameters>
</Attribute>
</attributes>
<identifiers itemClass="oracle.dbtools.crest.model.design.logical.CandidateKey">
<identifier id="357FF746-CA1E-98EF-CD17-51711D14909C" name="AVION PK">
<createdBy>k_vin</createdBy>
<createdTime>2025-08-25 08:06:45 UTC</createdTime>
<ownerDesignName>BT&amp;Airways</ownerDesignName>
<engineerTo>
<item key="F3AFACFA-E855-1113-53DA-94ED0167D15A" value="true"/>
</engineerTo>
<pk>true</pk>
<usedAttributes>
<attributeRef>4B8636D1-249F-3969-C801-F8520F839137</attributeRef>
</usedAttributes>
</identifier>
</identifiers>
</Entity>