<?xml version = '1.0' encoding = 'UTF-8'?>
<Diagram class="oracle.dbtools.crest.swingui.logical.DPVLogical" name="Logical" id="588636D6-9FDF-8C0E-05B1-9636AFF39FCA">
<createdBy>k_vin</createdBy>
<modifiedBy>k_vin</modifiedBy>
<createdTime>2025-08-25 07:33:13 UTC</createdTime>
<autoRoute>false</autoRoute>
<boxInbox>true</boxInbox>
<showLegend>false</showLegend>
<showLabels>false</showLabels>
<showRelAttributes>false</showRelAttributes>
<gridEnabled>false</gridEnabled>
<showGrid>true</showGrid>
<diagramColor>-1</diagramColor>
<display>false</display>
<notation>1</notation>
<objectViews>
<OView class="oracle.dbtools.crest.swingui.logical.TVEntity" oid="4F65859C-7DBE-9EE8-42F7-61433763037E" otype="Entity" vid="B3D3AC4A-E452-8854-5B41-C49F97ADDE81">
<hideElementsInCurrentOnly>false</hideElementsInCurrentOnly>
<bounds x="1101" y="347" width="166" height="108"/>
</OView>
<OView class="oracle.dbtools.crest.swingui.logical.TVEntity" oid="99A585AE-A20F-77F4-E1F3-C15A6EEB9104" otype="Entity" vid="B343C8DE-5129-4CEF-8FBE-676BA96B0B04">
<hideElementsInCurrentOnly>false</hideElementsInCurrentOnly>
<bounds x="863" y="349" width="170" height="110"/>
</OView>
<OView class="oracle.dbtools.crest.swingui.logical.TVEntity" oid="A61E0595-F8F1-F554-DBDC-25D73A2675D0" otype="Entity" vid="D4ADCFFA-9325-88E2-62BA-A96FA5C602B2">
<hideElementsInCurrentOnly>false</hideElementsInCurrentOnly>
<bounds x="32" y="313" width="170" height="110"/>
</OView>
<OView class="oracle.dbtools.crest.swingui.logical.TVEntity" oid="A97A26E2-95A0-879E-335C-93C01F50991B" otype="Entity" vid="E0E3528A-E557-43F4-F9EC-F605C8F5FDE6">
<hideElementsInCurrentOnly>false</hideElementsInCurrentOnly>
<bounds x="296" y="54" width="206" height="136"/>
</OView>
<OView class="oracle.dbtools.crest.swingui.logical.TVEntity" oid="BF4E0657-2E4F-CCC0-16E2-C6A50791C573" otype="Entity" vid="ED629EAB-454F-80C4-9665-7F5DE3FD7B53">
<hideElementsInCurrentOnly>false</hideElementsInCurrentOnly>
<bounds x="24" y="50" width="207" height="136"/>
</OView>
<OView class="oracle.dbtools.crest.swingui.logical.TVEntity" oid="C33687DC-50E7-E3A5-7435-4DB7AF74E39F" otype="Entity" vid="B82AE30D-93A3-DE27-4768-DEB1251A79DF">
<hideElementsInCurrentOnly>false</hideElementsInCurrentOnly>
<bounds x="595" y="52" width="218" height="159"/>
</OView>
<OView class="oracle.dbtools.crest.swingui.logical.TVEntity" oid="C4777F74-E1B8-EC67-AAB8-A33A3771C60D" otype="Entity" vid="318EB289-E050-BEBB-01F0-120A549532BE">
<hideElementsInCurrentOnly>false</hideElementsInCurrentOnly>
<bounds x="465" y="309" width="170" height="110"/>
</OView>
<OView class="oracle.dbtools.crest.swingui.logical.TVEntity" oid="FF207BAD-1AE1-8BC2-F702-7752CA4BDC36" otype="Entity" vid="0E2D4ABA-0336-DE6E-F1DF-CB83CA99B4A3">
<hideElementsInCurrentOnly>false</hideElementsInCurrentOnly>
<bounds x="915" y="58" width="210" height="160"/>
</OView>
</objectViews>
<connectors>
<Connector class="oracle.dbtools.crest.swingui.logical.TVRelation" oid="212835E0-DC07-358D-31EB-9AA685252C79" otype="Relation" vid_source="0E2D4ABA-0336-DE6E-F1DF-CB83CA99B4A3" vid_target="B3D3AC4A-E452-8854-5B41-C49F97ADDE81">
<hideElementsInCurrentOnly>false</hideElementsInCurrentOnly>
<backgroundColor>-16777216</backgroundColor>
<lineWidth>1</lineWidth>
<points>
<point x="1113" y="218"/>
<point x="1113" y="347"/>
</points>
</Connector>
<Connector class="oracle.dbtools.crest.swingui.logical.TVRelation" oid="32C10AEE-9BD4-D20C-A4AE-58AB19930F54" otype="Relation" vid_source="B82AE30D-93A3-DE27-4768-DEB1251A79DF" vid_target="E0E3528A-E557-43F4-F9EC-F605C8F5FDE6">
<hideElementsInCurrentOnly>false</hideElementsInCurrentOnly>
<backgroundColor>-16777216</backgroundColor>
<lineWidth>1</lineWidth>
<points>
<point x="595" y="122"/>
<point x="502" y="122"/>
</points>
</Connector>
<Connector class="oracle.dbtools.crest.swingui.logical.TVRelation" oid="5C97F312-AD76-7F10-FB7A-4403120B4408" otype="Relation" vid_source="ED629EAB-454F-80C4-9665-7F5DE3FD7B53" vid_target="E0E3528A-E557-43F4-F9EC-F605C8F5FDE6">
<hideElementsInCurrentOnly>false</hideElementsInCurrentOnly>
<backgroundColor>-16777216</backgroundColor>
<lineWidth>1</lineWidth>
<points>
<point x="231" y="120"/>
<point x="296" y="120"/>
</points>
</Connector>
<Connector class="oracle.dbtools.crest.swingui.logical.TVRelation" oid="84F808A2-8D18-BB17-8D3A-AAD6C30C1EE1" otype="Relation" vid_source="ED629EAB-454F-80C4-9665-7F5DE3FD7B53" vid_target="D4ADCFFA-9325-88E2-62BA-A96FA5C602B2">
<hideElementsInCurrentOnly>false</hideElementsInCurrentOnly>
<backgroundColor>-16777216</backgroundColor>
<lineWidth>1</lineWidth>
<points>
<point x="117" y="186"/>
<point x="117" y="313"/>
</points>
</Connector>
<Connector class="oracle.dbtools.crest.swingui.logical.TVRelation" oid="99223D21-38FB-0522-F421-BCDD72FA7053" otype="Relation" vid_source="318EB289-E050-BEBB-01F0-120A549532BE" vid_target="B82AE30D-93A3-DE27-4768-DEB1251A79DF">
<hideElementsInCurrentOnly>false</hideElementsInCurrentOnly>
<backgroundColor>-16777216</backgroundColor>
<lineWidth>1</lineWidth>
<points>
<point x="615" y="309"/>
<point x="615" y="211"/>
</points>
</Connector>
<Connector class="oracle.dbtools.crest.swingui.logical.TVRelation" oid="9CCB4A5B-D9A9-3FCB-7676-689A83C52D63" otype="Relation" vid_source="B343C8DE-5129-4CEF-8FBE-676BA96B0B04" vid_target="B82AE30D-93A3-DE27-4768-DEB1251A79DF">
<hideElementsInCurrentOnly>false</hideElementsInCurrentOnly>
<backgroundColor>-16777216</backgroundColor>
<lineWidth>1</lineWidth>
<points>
<point x="898" y="349"/>
<point x="760" y="211"/>
</points>
</Connector>
<Connector class="oracle.dbtools.crest.swingui.logical.TVRelation" oid="C380BBC8-DA04-66AE-1C70-F2A452F8DAAD" otype="Relation" vid_source="0E2D4ABA-0336-DE6E-F1DF-CB83CA99B4A3" vid_target="B82AE30D-93A3-DE27-4768-DEB1251A79DF">
<hideElementsInCurrentOnly>false</hideElementsInCurrentOnly>
<backgroundColor>-16777216</backgroundColor>
<lineWidth>1</lineWidth>
<points>
<point x="915" y="134"/>
<point x="813" y="134"/>
</points>
</Connector>
<Connector class="oracle.dbtools.crest.swingui.logical.TVRelation" oid="D637CD69-35C9-901D-CBA1-0715F3CE09D7" otype="Relation" vid_source="B343C8DE-5129-4CEF-8FBE-676BA96B0B04" vid_target="0E2D4ABA-0336-DE6E-F1DF-CB83CA99B4A3">
<hideElementsInCurrentOnly>false</hideElementsInCurrentOnly>
<backgroundColor>-16777216</backgroundColor>
<lineWidth>1</lineWidth>
<points>
<point x="974" y="349"/>
<point x="974" y="218"/>
</points>
</Connector>
</connectors>
</Diagram>