<?xml version = '1.0' encoding = 'UTF-8'?>
<Entity class="oracle.dbtools.crest.model.design.logical.Entity" directorySegmentName="seg_0" id="259D0758-9522-2549-3D0B-5367E1E736AE" name="EMPRESA">
<createdBy>k_vin</createdBy>
<createdTime>2025-09-08 06:06:45 UTC</createdTime>
<ownerDesignName>MTC</ownerDesignName>
<engineerTo>
<item key="A78B6225-7054-FF25-00D6-4E4DED0B1826" value="true"/>
</engineerTo>
<adequatelyNormalized>NO</adequatelyNormalized>
<expectedVolumes>0</expectedVolumes>
<fwdEngineeringStrategyName>Single Table</fwdEngineeringStrategyName>
<growthPercent>0</growthPercent>
<growthType>Year</growthType>
<maxVolumes>9999999</maxVolumes>
<minVolumes>0</minVolumes>
<normalForm>Third</normalForm>
<attributes itemClass="oracle.dbtools.crest.model.design.logical.Attribute">
<Attribute name="id_empresa" id="D52ED7F4-5314-26CF-2B02-A887A108058C">
<createdBy>k_vin</createdBy>
<createdTime>2025-09-08 06:20:22 UTC</createdTime>
<ownerDesignName>MTC</ownerDesignName>
<engineerTo>
<item key="A78B6225-7054-FF25-00D6-4E4DED0B1826" value="true"/>
</engineerTo>
<useDomainConstraints>false</useDomainConstraints>
<use>1</use>
<logicalDatatype>LOGDT024</logicalDatatype>
<dataTypeSize>10</dataTypeSize>
<ownDataTypeParameters>10,,</ownDataTypeParameters>
</Attribute>
<Attribute name="nombre_empresa" id="B4DA7EE1-AF07-1D4F-EC17-6541996A6330">
<createdBy>k_vin</createdBy>
<createdTime>2025-09-08 06:20:22 UTC</createdTime>
<ownerDesignName>MTC</ownerDesignName>
<engineerTo>
<item key="A78B6225-7054-FF25-00D6-4E4DED0B1826" value="true"/>
</engineerTo>
<useDomainConstraints>false</useDomainConstraints>
<use>1</use>
<logicalDatatype>LOGDT024</logicalDatatype>
<dataTypeSize>200</dataTypeSize>
<ownDataTypeParameters>200,,</ownDataTypeParameters>
</Attribute>
<Attribute name="direccion" id="B5F8DB4A-D012-3FE9-93FA-CE6ED560F2BD">
<createdBy>k_vin</createdBy>
<createdTime>2025-09-08 06:20:22 UTC</createdTime>
<ownerDesignName>MTC</ownerDesignName>
<engineerTo>
<item key="A78B6225-7054-FF25-00D6-4E4DED0B1826" value="true"/>
</engineerTo>
<useDomainConstraints>false</useDomainConstraints>
<use>1</use>
<logicalDatatype>LOGDT024</logicalDatatype>
<dataTypeSize>200</dataTypeSize>
<ownDataTypeParameters>200,,</ownDataTypeParameters>
</Attribute>
<Attribute name="ciudad" id="5D958637-E39F-DFB6-B16B-36F415C868AE">
<createdBy>k_vin</createdBy>
<createdTime>2025-09-08 06:20:22 UTC</createdTime>
<ownerDesignName>MTC</ownerDesignName>
<engineerTo>
<item key="A78B6225-7054-FF25-00D6-4E4DED0B1826" value="true"/>
</engineerTo>
<useDomainConstraints>false</useDomainConstraints>
<use>1</use>
<logicalDatatype>LOGDT024</logicalDatatype>
<ownDataTypeParameters>,,</ownDataTypeParameters>
</Attribute>
<Attribute name="pais" id="83CEB753-0ECC-ADB8-F675-3245D647F03A">
<createdBy>k_vin</createdBy>
<createdTime>2025-09-08 06:20:22 UTC</createdTime>
<ownerDesignName>MTC</ownerDesignName>
<engineerTo>
<item key="A78B6225-7054-FF25-00D6-4E4DED0B1826" value="true"/>
</engineerTo>
<useDomainConstraints>false</useDomainConstraints>
<use>1</use>
<logicalDatatype>LOGDT024</logicalDatatype>
<ownDataTypeParameters>,,</ownDataTypeParameters>
</Attribute>
<Attribute name="residencia_chile" id="33E16873-C2E1-FF37-D1FA-BA435068FD73">
<createdBy>k_vin</createdBy>
<createdTime>2025-09-08 06:20:23 UTC</createdTime>
<ownerDesignName>MTC</ownerDesignName>
<engineerTo>
<item key="A78B6225-7054-FF25-00D6-4E4DED0B1826" value="true"/>
</engineerTo>
<nullsAllowed>true</nullsAllowed>
<useDomainConstraints>false</useDomainConstraints>
<use>1</use>
<logicalDatatype>LOGDT006</logicalDatatype>
<dataTypeSize>1</dataTypeSize>
<ownDataTypeParameters>1,,</ownDataTypeParameters>
</Attribute>
<Attribute name="remuneracion_maxima" id="34D6C58E-D340-DA75-C619-CB2280CCD337">
<createdBy>k_vin</createdBy>
<createdTime>2025-09-08 06:20:24 UTC</createdTime>
<ownerDesignName>MTC</ownerDesignName>
<engineerTo>
<item key="A78B6225-7054-FF25-00D6-4E4DED0B1826" value="true"/>
</engineerTo>
<useDomainConstraints>false</useDomainConstraints>
<use>1</use>
<logicalDatatype>LOGDT019</logicalDatatype>
<ownDataTypeParameters>,,</ownDataTypeParameters>
</Attribute>
</attributes>
<identifiers itemClass="oracle.dbtools.crest.model.design.logical.CandidateKey">
<identifier id="B7C00597-CF4B-B82F-7D9B-F180ACCC070F" name="EMPRESA PK">
<createdBy>k_vin</createdBy>
<createdTime>2025-09-08 06:20:52 UTC</createdTime>
<ownerDesignName>MTC</ownerDesignName>
<engineerTo>
<item key="A78B6225-7054-FF25-00D6-4E4DED0B1826" value="true"/>
</engineerTo>
<pk>true</pk>
<usedAttributes>
<attributeRef>D52ED7F4-5314-26CF-2B02-A887A108058C</attributeRef>
</usedAttributes>
</identifier>
</identifiers>
</Entity>