<?xml version = '1.0' encoding = 'UTF-8'?>
<Entity class="oracle.dbtools.crest.model.design.logical.Entity" directorySegmentName="seg_0" id="501FFBAC-7ECE-818A-62B3-19E30B61C03C" name="TITULO_PROFESIONAL">
<createdBy>k_vin</createdBy>
<createdTime>2025-09-08 19:49:23 UTC</createdTime>
<ownerDesignName>MTC</ownerDesignName>
<engineerTo>
<item key="A78B6225-7054-FF25-00D6-4E4DED0B1826" value="true"/>
</engineerTo>
<adequatelyNormalized>NO</adequatelyNormalized>
<expectedVolumes>0</expectedVolumes>
<fwdEngineeringStrategyName>Single Table</fwdEngineeringStrategyName>
<growthPercent>0</growthPercent>
<growthType>Year</growthType>
<maxVolumes>9999999</maxVolumes>
<minVolumes>0</minVolumes>
<normalForm>Third</normalForm>
<attributes itemClass="oracle.dbtools.crest.model.design.logical.Attribute">
<Attribute name="id_titulo" id="A4C0CC32-5A59-F81F-8DE4-0F4E831DFC58">
<createdBy>k_vin</createdBy>
<createdTime>2025-09-08 19:51:22 UTC</createdTime>
<ownerDesignName>MTC</ownerDesignName>
<engineerTo>
<item key="A78B6225-7054-FF25-00D6-4E4DED0B1826" value="true"/>
</engineerTo>
<useDomainConstraints>false</useDomainConstraints>
<use>1</use>
<logicalDatatype>LOGDT019</logicalDatatype>
<ownDataTypeParameters>,,</ownDataTypeParameters>
</Attribute>
<Attribute name="fecha_obtencion" id="3BC4E71F-EC8D-F6E6-9A56-35304063A7DB">
<createdBy>k_vin</createdBy>
<createdTime>2025-09-08 19:51:22 UTC</createdTime>
<ownerDesignName>MTC</ownerDesignName>
<engineerTo>
<item key="A78B6225-7054-FF25-00D6-4E4DED0B1826" value="true"/>
</engineerTo>
<nullsAllowed>true</nullsAllowed>
<useDomainConstraints>false</useDomainConstraints>
<use>1</use>
<logicalDatatype>LOGDT007</logicalDatatype>
<ownDataTypeParameters>,,</ownDataTypeParameters>
</Attribute>
<Attribute name="institucion" id="ABA340E5-A6E4-88DA-07F2-1030C1174972">
<createdBy>k_vin</createdBy>
<createdTime>2025-09-08 19:51:22 UTC</createdTime>
<ownerDesignName>MTC</ownerDesignName>
<engineerTo>
<item key="A78B6225-7054-FF25-00D6-4E4DED0B1826" value="true"/>
</engineerTo>
<nullsAllowed>true</nullsAllowed>
<useDomainConstraints>false</useDomainConstraints>
<use>1</use>
<logicalDatatype>LOGDT024</logicalDatatype>
<ownDataTypeParameters>,,</ownDataTypeParameters>
</Attribute>
<Attribute name="id_postulante" id="15112DF4-CE12-14C0-59E4-D64219A63C79">
<createdBy>k_vin</createdBy>
<createdTime>2025-09-08 19:58:36 UTC</createdTime>
<generatorID>917FC604-0521-71EC-ABFF-D085BD89A185</generatorID>
<ownerDesignName>MTC</ownerDesignName>
<engineerTo>
<item key="A78B6225-7054-FF25-00D6-4E4DED0B1826" value="true"/>
</engineerTo>
<referedAttribute>7D8CCC5C-F691-7C31-105E-8EE8E75A7546</referedAttribute>
<useDomainConstraints>false</useDomainConstraints>
<use>1</use>
<logicalDatatype>LOGDT019</logicalDatatype>
<ownDataTypeParameters>,,</ownDataTypeParameters>
</Attribute>
<Attribute name="id_profesion" id="771E8ABB-508C-D720-4FAC-774BFC83B6CA">
<createdBy>k_vin</createdBy>
<createdTime>2025-09-08 19:58:56 UTC</createdTime>
<generatorID>7C40B471-A335-7074-0D16-861FB2890DCB</generatorID>
<ownerDesignName>MTC</ownerDesignName>
<engineerTo>
<item key="A78B6225-7054-FF25-00D6-4E4DED0B1826" value="true"/>
</engineerTo>
<referedAttribute>D877564C-ABEC-370B-418F-288115D5C158</referedAttribute>
<useDomainConstraints>false</useDomainConstraints>
<use>1</use>
<logicalDatatype>LOGDT019</logicalDatatype>
<ownDataTypeParameters>,,</ownDataTypeParameters>
</Attribute>
</attributes>
<identifiers itemClass="oracle.dbtools.crest.model.design.logical.CandidateKey">
<identifier id="7AA2710B-1397-710D-63CE-9CFBB08CF63B" name="TITULO_PROFESIONAL PK">
<createdBy>k_vin</createdBy>
<createdTime>2025-09-08 19:51:45 UTC</createdTime>
<ownerDesignName>MTC</ownerDesignName>
<engineerTo>
<item key="A78B6225-7054-FF25-00D6-4E4DED0B1826" value="true"/>
</engineerTo>
<pk>true</pk>
<usedAttributes>
<attributeRef>A4C0CC32-5A59-F81F-8DE4-0F4E831DFC58</attributeRef>
</usedAttributes>
</identifier>
</identifiers>
</Entity>