<?xml version = '1.0' encoding = 'UTF-8'?>
<Entity class="oracle.dbtools.crest.model.design.logical.Entity" directorySegmentName="seg_0" id="80685211-6D76-E712-5F59-88FC4BD1B49D" name="POSTULACION">
<createdBy>k_vin</createdBy>
<createdTime>2025-09-08 06:06:54 UTC</createdTime>
<ownerDesignName>MTC</ownerDesignName>
<engineerTo>
<item key="A78B6225-7054-FF25-00D6-4E4DED0B1826" value="true"/>
</engineerTo>
<adequatelyNormalized>NO</adequatelyNormalized>
<expectedVolumes>0</expectedVolumes>
<fwdEngineeringStrategyName>Single Table</fwdEngineeringStrategyName>
<growthPercent>0</growthPercent>
<growthType>Year</growthType>
<maxVolumes>9999999</maxVolumes>
<minVolumes>0</minVolumes>
<normalForm>Third</normalForm>
<attributes itemClass="oracle.dbtools.crest.model.design.logical.Attribute">
<Attribute name="id_postulacion" id="A9827C45-1F8B-4B25-5A4F-E5E494908F84">
<createdBy>k_vin</createdBy>
<createdTime>2025-09-08 19:32:15 UTC</createdTime>
<ownerDesignName>MTC</ownerDesignName>
<engineerTo>
<item key="A78B6225-7054-FF25-00D6-4E4DED0B1826" value="true"/>
</engineerTo>
<useDomainConstraints>false</useDomainConstraints>
<use>1</use>
<logicalDatatype>LOGDT019</logicalDatatype>
<ownDataTypeParameters>,,</ownDataTypeParameters>
</Attribute>
<Attribute name="fecha_postulacion" id="7300E7B8-5AC0-CE44-5D7C-0617C7113A8B">
<createdBy>k_vin</createdBy>
<createdTime>2025-09-08 19:32:16 UTC</createdTime>
<ownerDesignName>MTC</ownerDesignName>
<engineerTo>
<item key="A78B6225-7054-FF25-00D6-4E4DED0B1826" value="true"/>
</engineerTo>
<useDomainConstraints>false</useDomainConstraints>
<use>1</use>
<logicalDatatype>LOGDT007</logicalDatatype>
<ownDataTypeParameters>,,</ownDataTypeParameters>
</Attribute>
<Attribute name="pretension_renta" id="7233A479-6C96-915A-D3E5-D2CE0957C00A">
<createdBy>k_vin</createdBy>
<createdTime>2025-09-08 19:32:16 UTC</createdTime>
<ownerDesignName>MTC</ownerDesignName>
<engineerTo>
<item key="A78B6225-7054-FF25-00D6-4E4DED0B1826" value="true"/>
</engineerTo>
<nullsAllowed>true</nullsAllowed>
<useDomainConstraints>false</useDomainConstraints>
<use>1</use>
<logicalDatatype>LOGDT019</logicalDatatype>
<ownDataTypeParameters>,,</ownDataTypeParameters>
</Attribute>
<Attribute name="nivel_idioma" id="A6BDEF59-38B0-E620-87C1-C4809498953B">
<createdBy>k_vin</createdBy>
<createdTime>2025-09-08 19:32:16 UTC</createdTime>
<ownerDesignName>MTC</ownerDesignName>
<engineerTo>
<item key="A78B6225-7054-FF25-00D6-4E4DED0B1826" value="true"/>
</engineerTo>
<nullsAllowed>true</nullsAllowed>
<useDomainConstraints>false</useDomainConstraints>
<use>1</use>
<logicalDatatype>LOGDT024</logicalDatatype>
<ownDataTypeParameters>,,</ownDataTypeParameters>
</Attribute>
<Attribute name="fecha_visa" id="8230D815-E7CF-6A08-E1AD-61117FF6ED8C">
<createdBy>k_vin</createdBy>
<createdTime>2025-09-08 19:32:16 UTC</createdTime>
<ownerDesignName>MTC</ownerDesignName>
<engineerTo>
<item key="A78B6225-7054-FF25-00D6-4E4DED0B1826" value="true"/>
</engineerTo>
<nullsAllowed>true</nullsAllowed>
<useDomainConstraints>false</useDomainConstraints>
<use>1</use>
<logicalDatatype>LOGDT007</logicalDatatype>
<ownDataTypeParameters>,,</ownDataTypeParameters>
</Attribute>
<Attribute name="identificador_visa" id="5C2D0647-3718-37B7-217E-A829D01BA4ED">
<createdBy>k_vin</createdBy>
<createdTime>2025-09-08 19:32:17 UTC</createdTime>
<ownerDesignName>MTC</ownerDesignName>
<engineerTo>
<item key="A78B6225-7054-FF25-00D6-4E4DED0B1826" value="true"/>
</engineerTo>
<nullsAllowed>true</nullsAllowed>
<useDomainConstraints>false</useDomainConstraints>
<use>1</use>
<logicalDatatype>LOGDT024</logicalDatatype>
<ownDataTypeParameters>,,</ownDataTypeParameters>
</Attribute>
<Attribute name="id_empresa" id="96014657-9CB9-06E8-AE44-3CEA871675E6">
<createdBy>k_vin</createdBy>
<createdTime>2025-09-08 19:37:42 UTC</createdTime>
<generatorID>DA0A2E2F-44C7-7756-88FD-80EE2343290E</generatorID>
<ownerDesignName>MTC</ownerDesignName>
<engineerTo>
<item key="A78B6225-7054-FF25-00D6-4E4DED0B1826" value="true"/>
</engineerTo>
<referedAttribute>D52ED7F4-5314-26CF-2B02-A887A108058C</referedAttribute>
<useDomainConstraints>false</useDomainConstraints>
<use>1</use>
<logicalDatatype>LOGDT024</logicalDatatype>
<dataTypeSize>10</dataTypeSize>
<ownDataTypeParameters>,,</ownDataTypeParameters>
</Attribute>
<Attribute name="id_postulante" id="C36E92A1-A3F3-FDAF-BDA3-A4DD2E8491FA">
<createdBy>k_vin</createdBy>
<createdTime>2025-09-08 20:02:32 UTC</createdTime>
<generatorID>D05306AB-51A5-DC93-75C8-79923EB64AA9</generatorID>
<ownerDesignName>MTC</ownerDesignName>
<engineerTo>
<item key="A78B6225-7054-FF25-00D6-4E4DED0B1826" value="true"/>
</engineerTo>
<referedAttribute>7D8CCC5C-F691-7C31-105E-8EE8E75A7546</referedAttribute>
<useDomainConstraints>false</useDomainConstraints>
<use>1</use>
<logicalDatatype>LOGDT019</logicalDatatype>
<ownDataTypeParameters>,,</ownDataTypeParameters>
</Attribute>
</attributes>
<identifiers itemClass="oracle.dbtools.crest.model.design.logical.CandidateKey">
<identifier id="882C2E8B-5F8B-0667-32F5-91B9EC791B37" name="POSTULACION PK">
<createdBy>k_vin</createdBy>
<createdTime>2025-09-08 19:33:34 UTC</createdTime>
<ownerDesignName>MTC</ownerDesignName>
<engineerTo>
<item key="A78B6225-7054-FF25-00D6-4E4DED0B1826" value="true"/>
</engineerTo>
<pk>true</pk>
<usedAttributes>
<attributeRef>A9827C45-1F8B-4B25-5A4F-E5E494908F84</attributeRef>
</usedAttributes>
</identifier>
</identifiers>
</Entity>