<?xml version = '1.0' encoding = 'UTF-8'?>
<Entity class="oracle.dbtools.crest.model.design.logical.Entity" directorySegmentName="seg_0" id="B01D55BB-7C36-8669-73BE-5D0BFC3643C2" name="GRADO_ACADEMICO">
<createdBy>k_vin</createdBy>
<createdTime>2025-09-08 19:49:37 UTC</createdTime>
<ownerDesignName>MTC</ownerDesignName>
<engineerTo>
<item key="A78B6225-7054-FF25-00D6-4E4DED0B1826" value="true"/>
</engineerTo>
<adequatelyNormalized>NO</adequatelyNormalized>
<expectedVolumes>0</expectedVolumes>
<fwdEngineeringStrategyName>Single Table</fwdEngineeringStrategyName>
<growthPercent>0</growthPercent>
<growthType>Year</growthType>
<maxVolumes>9999999</maxVolumes>
<minVolumes>0</minVolumes>
<normalForm>Third</normalForm>
<attributes itemClass="oracle.dbtools.crest.model.design.logical.Attribute">
<Attribute name="id_grado" id="9D0E0A03-D634-85E8-5DC1-B15664D9604E">
<createdBy>k_vin</createdBy>
<createdTime>2025-09-08 19:56:36 UTC</createdTime>
<ownerDesignName>MTC</ownerDesignName>
<engineerTo>
<item key="A78B6225-7054-FF25-00D6-4E4DED0B1826" value="true"/>
</engineerTo>
<useDomainConstraints>false</useDomainConstraints>
<use>1</use>
<logicalDatatype>LOGDT019</logicalDatatype>
<ownDataTypeParameters>,,</ownDataTypeParameters>
</Attribute>
<Attribute name="tipo_grado" id="462EC1F0-03C8-3D89-B3B1-8E1FD76EE7B4">
<createdBy>k_vin</createdBy>
<createdTime>2025-09-08 19:56:39 UTC</createdTime>
<ownerDesignName>MTC</ownerDesignName>
<engineerTo>
<item key="A78B6225-7054-FF25-00D6-4E4DED0B1826" value="true"/>
</engineerTo>
<useDomainConstraints>false</useDomainConstraints>
<use>1</use>
<logicalDatatype>LOGDT024</logicalDatatype>
<ownDataTypeParameters>,,</ownDataTypeParameters>
</Attribute>
<Attribute name="institucion" id="018AA1E1-624D-F1FF-20FD-5F2C450B1819">
<createdBy>k_vin</createdBy>
<createdTime>2025-09-08 19:56:40 UTC</createdTime>
<ownerDesignName>MTC</ownerDesignName>
<engineerTo>
<item key="A78B6225-7054-FF25-00D6-4E4DED0B1826" value="true"/>
</engineerTo>
<useDomainConstraints>false</useDomainConstraints>
<use>1</use>
<logicalDatatype>LOGDT024</logicalDatatype>
<dataTypeSize>200</dataTypeSize>
<ownDataTypeParameters>200,,</ownDataTypeParameters>
</Attribute>
<Attribute name="fecha_obtencion" id="CD46ED58-0B43-BF99-DFE2-A7CC351C0143">
<createdBy>k_vin</createdBy>
<createdTime>2025-09-08 19:56:40 UTC</createdTime>
<ownerDesignName>MTC</ownerDesignName>
<engineerTo>
<item key="A78B6225-7054-FF25-00D6-4E4DED0B1826" value="true"/>
</engineerTo>
<nullsAllowed>true</nullsAllowed>
<useDomainConstraints>false</useDomainConstraints>
<use>1</use>
<logicalDatatype>LOGDT007</logicalDatatype>
<ownDataTypeParameters>,,</ownDataTypeParameters>
</Attribute>
<Attribute name="id_postulante" id="2BBD9B31-DDB5-3A0C-FCBD-20737130B578">
<createdBy>k_vin</createdBy>
<createdTime>2025-09-08 19:58:48 UTC</createdTime>
<generatorID>831F4A11-D303-39B1-9798-8FA0A518A867</generatorID>
<ownerDesignName>MTC</ownerDesignName>
<engineerTo>
<item key="A78B6225-7054-FF25-00D6-4E4DED0B1826" value="true"/>
</engineerTo>
<referedAttribute>7D8CCC5C-F691-7C31-105E-8EE8E75A7546</referedAttribute>
<useDomainConstraints>false</useDomainConstraints>
<use>1</use>
<logicalDatatype>LOGDT019</logicalDatatype>
<ownDataTypeParameters>,,</ownDataTypeParameters>
</Attribute>
<Attribute name="id_profesion" id="5391DF6B-C5A0-47A2-DC70-6835421F806A">
<createdBy>k_vin</createdBy>
<createdTime>2025-09-08 19:59:05 UTC</createdTime>
<generatorID>4B0E1FD1-F4B3-D316-DB60-E15AC456E7DC</generatorID>
<ownerDesignName>MTC</ownerDesignName>
<engineerTo>
<item key="A78B6225-7054-FF25-00D6-4E4DED0B1826" value="true"/>
</engineerTo>
<referedAttribute>D877564C-ABEC-370B-418F-288115D5C158</referedAttribute>
<useDomainConstraints>false</useDomainConstraints>
<use>1</use>
<logicalDatatype>LOGDT019</logicalDatatype>
<ownDataTypeParameters>,,</ownDataTypeParameters>
</Attribute>
</attributes>
<identifiers itemClass="oracle.dbtools.crest.model.design.logical.CandidateKey">
<identifier id="6E79948F-17A0-3966-CF1B-C3D09AFBB069" name="GRADO_ACADEMICO PK">
<createdBy>k_vin</createdBy>
<createdTime>2025-09-08 19:56:55 UTC</createdTime>
<ownerDesignName>MTC</ownerDesignName>
<engineerTo>
<item key="A78B6225-7054-FF25-00D6-4E4DED0B1826" value="true"/>
</engineerTo>
<pk>true</pk>
<usedAttributes>
<attributeRef>9D0E0A03-D634-85E8-5DC1-B15664D9604E</attributeRef>
</usedAttributes>
</identifier>
</identifiers>
</Entity>