<?xml version = '1.0' encoding = 'UTF-8'?>
<Relation class="oracle.dbtools.crest.model.design.logical.Relation" name="Relation_21" directorySegmentName="seg_0" id="0FB20E15-D90D-A067-D1E6-DCD7087853A7">
<createdBy>k_vin</createdBy>
<createdTime>2025-08-30 21:34:18 UTC</createdTime>
<ownerDesignName>Vivir_Mejor</ownerDesignName>
<engineerTo>
<item key="E8C351AB-6CF0-C161-B517-F2ECE5B57ED5" value="true"/>
</engineerTo>
<sourcePk>3E9690B2-869E-0499-4865-15CF331F19DE</sourcePk>
<identifying>false</identifying>
<optionalSource>false</optionalSource>
<optionalTarget>false</optionalTarget>
<sourceCardinality>1</sourceCardinality>
<sourceEntity>E63A03F1-A0D0-82BA-A9DD-B0214B5C6E3C</sourceEntity>
<targetCardinalityString>*</targetCardinalityString>
<targetEntity>14072CE4-20E9-4FBF-DEE5-D6A516694A97</targetEntity>
<transferable>true</transferable>
<deleteRule>NO ACTION</deleteRule>
</Relation>