<?xml version = '1.0' encoding = 'UTF-8'?>
<Relation class="oracle.dbtools.crest.model.design.logical.Relation" name="Relation_18" directorySegmentName="seg_0" id="1350960F-0A96-F687-242E-8073506DACF8">
<createdBy>k_vin</createdBy>
<createdTime>2025-08-30 21:23:59 UTC</createdTime>
<ownerDesignName>Vivir_Mejor</ownerDesignName>
<engineerTo>
<item key="E8C351AB-6CF0-C161-B517-F2ECE5B57ED5" value="true"/>
</engineerTo>
<sourcePk>9BEFE74C-9E8B-EBD5-3DD4-41562A5FE4D5</sourcePk>
<identifying>false</identifying>
<optionalSource>false</optionalSource>
<optionalTarget>false</optionalTarget>
<sourceCardinality>1</sourceCardinality>
<sourceEntity>940A326B-51D7-FC8F-223C-A70609012F46</sourceEntity>
<targetCardinalityString>1</targetCardinalityString>
<targetEntity>14072CE4-20E9-4FBF-DEE5-D6A516694A97</targetEntity>
<transferable>true</transferable>
<deleteRule>NO ACTION</deleteRule>
</Relation>