<?xml version = '1.0' encoding = 'UTF-8'?>
<Relation class="oracle.dbtools.crest.model.design.logical.Relation" name="Relation_6" directorySegmentName="seg_0" id="3C5A7A08-E552-C481-DCF6-D0FA4FF19350">
<createdBy>k_vin</createdBy>
<createdTime>2025-08-30 20:38:38 UTC</createdTime>
<ownerDesignName>Vivir_Mejor</ownerDesignName>
<engineerTo>
<item key="E8C351AB-6CF0-C161-B517-F2ECE5B57ED5" value="true"/>
</engineerTo>
<sourcePk>4EBC66D0-CAD2-33C4-8954-46DDF8274071</sourcePk>
<identifying>false</identifying>
<optionalSource>false</optionalSource>
<optionalTarget>true</optionalTarget>
<sourceCardinality>1</sourceCardinality>
<sourceEntity>4450C594-12FE-2BD9-56B8-2FFE393A0D54</sourceEntity>
<targetCardinalityString>*</targetCardinalityString>
<targetEntity>34D4D34F-2E36-5828-B2D5-A50D7BE5947F</targetEntity>
<transferable>true</transferable>
<deleteRule>NO ACTION</deleteRule>
</Relation>