<?xml version = '1.0' encoding = 'UTF-8'?>
<Relation class="oracle.dbtools.crest.model.design.logical.Relation" name="Relation_7" directorySegmentName="seg_0" id="456F07CC-1ED3-C820-61C6-123EFC0B77AF">
<createdBy>k_vin</createdBy>
<createdTime>2025-08-30 20:39:34 UTC</createdTime>
<ownerDesignName>Vivir_Mejor</ownerDesignName>
<engineerTo>
<item key="E8C351AB-6CF0-C161-B517-F2ECE5B57ED5" value="true"/>
</engineerTo>
<sourcePk>BC2F2E4F-931F-1609-91B0-1A0BB1C3466D</sourcePk>
<identifying>false</identifying>
<optionalSource>false</optionalSource>
<optionalTarget>false</optionalTarget>
<sourceCardinality>1</sourceCardinality>
<sourceEntity>34D4D34F-2E36-5828-B2D5-A50D7BE5947F</sourceEntity>
<targetCardinalityString>*</targetCardinalityString>
<targetEntity>7AA776ED-EA03-6341-8B8E-4A53C5E382A0</targetEntity>
<transferable>true</transferable>
<deleteRule>NO ACTION</deleteRule>
</Relation>