<?xml version = '1.0' encoding = 'UTF-8'?>
<Relation class="oracle.dbtools.crest.model.design.logical.Relation" name="Relation_8" directorySegmentName="seg_0" id="4F1F087F-506C-2A1D-6E6C-C434C0F97647">
<createdBy>k_vin</createdBy>
<createdTime>2025-08-30 20:40:14 UTC</createdTime>
<ownerDesignName>Vivir_Mejor</ownerDesignName>
<engineerTo>
<item key="E8C351AB-6CF0-C161-B517-F2ECE5B57ED5" value="true"/>
</engineerTo>
<sourcePk>DC39CEEA-0C7B-1CA5-0AAD-92616CE31186</sourcePk>
<targetPk>9BEFE74C-9E8B-EBD5-3DD4-41562A5FE4D5</targetPk>
<identifying>false</identifying>
<optionalSource>false</optionalSource>
<optionalTarget>true</optionalTarget>
<sourceCardinality>1</sourceCardinality>
<sourceEntity>7AA776ED-EA03-6341-8B8E-4A53C5E382A0</sourceEntity>
<targetCardinalityString>1</targetCardinalityString>
<targetEntity>940A326B-51D7-FC8F-223C-A70609012F46</targetEntity>
<transferable>true</transferable>
<deleteRule>NO ACTION</deleteRule>
</Relation>