<?xml version = '1.0' encoding = 'UTF-8'?>
<Relation class="oracle.dbtools.crest.model.design.logical.Relation" name="Relation_20" directorySegmentName="seg_0" id="5F9E5558-B84D-6600-3EDA-59C72ED3DABC">
<createdBy>k_vin</createdBy>
<createdTime>2025-08-30 21:31:30 UTC</createdTime>
<ownerDesignName>Vivir_Mejor</ownerDesignName>
<engineerTo>
<item key="E8C351AB-6CF0-C161-B517-F2ECE5B57ED5" value="true"/>
</engineerTo>
<sourcePk>E5B48D8E-859D-7D84-DDD6-08E3B2668255</sourcePk>
<targetPk>3E9690B2-869E-0499-4865-15CF331F19DE</targetPk>
<identifying>false</identifying>
<optionalSource>false</optionalSource>
<optionalTarget>false</optionalTarget>
<sourceCardinality>1</sourceCardinality>
<sourceEntity>0190F43F-F86F-2FEA-BDDD-D3583EF988D8</sourceEntity>
<targetCardinalityString>1</targetCardinalityString>
<targetEntity>E63A03F1-A0D0-82BA-A9DD-B0214B5C6E3C</targetEntity>
<transferable>true</transferable>
<deleteRule>NO ACTION</deleteRule>
</Relation>