<?xml version = '1.0' encoding = 'UTF-8'?>
<Relation class="oracle.dbtools.crest.model.design.logical.Relation" name="Relation_13" directorySegmentName="seg_0" id="65217E19-774F-31C8-75DB-3C15E56E8ACD">
<createdBy>k_vin</createdBy>
<createdTime>2025-08-30 20:50:05 UTC</createdTime>
<ownerDesignName>Vivir_Mejor</ownerDesignName>
<engineerTo>
<item key="E8C351AB-6CF0-C161-B517-F2ECE5B57ED5" value="true"/>
</engineerTo>
<sourcePk>B58D6E2D-6AA4-CECD-F374-C0215BA49C14</sourcePk>
<identifying>false</identifying>
<optionalSource>false</optionalSource>
<optionalTarget>false</optionalTarget>
<sourceCardinality>1</sourceCardinality>
<sourceEntity>ECDC775A-6F4B-B1DF-CD7C-FE5658C097B6</sourceEntity>
<targetCardinalityString>*</targetCardinalityString>
<targetEntity>34D4D34F-2E36-5828-B2D5-A50D7BE5947F</targetEntity>
<transferable>true</transferable>
<deleteRule>NO ACTION</deleteRule>
</Relation>