<?xml version = '1.0' encoding = 'UTF-8'?>
<Relation class="oracle.dbtools.crest.model.design.logical.Relation" name="Relation_12" directorySegmentName="seg_0" id="78DF47BA-61EC-FAF8-7670-A237D6AFFAF0">
<createdBy>k_vin</createdBy>
<createdTime>2025-08-30 20:49:33 UTC</createdTime>
<ownerDesignName>Vivir_Mejor</ownerDesignName>
<engineerTo>
<item key="E8C351AB-6CF0-C161-B517-F2ECE5B57ED5" value="true"/>
</engineerTo>
<sourcePk>B7C54974-E88A-52C4-2691-2900C07F6FC7</sourcePk>
<identifying>false</identifying>
<optionalSource>false</optionalSource>
<optionalTarget>false</optionalTarget>
<sourceCardinality>1</sourceCardinality>
<sourceEntity>185E5BC1-2EC9-3B0B-A2B8-DF1CDC59F9FC</sourceEntity>
<targetCardinalityString>*</targetCardinalityString>
<targetEntity>4450C594-12FE-2BD9-56B8-2FFE393A0D54</targetEntity>
<transferable>true</transferable>
<deleteRule>NO ACTION</deleteRule>
</Relation>