<?xml version = '1.0' encoding = 'UTF-8'?>
<Relation class="oracle.dbtools.crest.model.design.logical.Relation" name="Relation_9" directorySegmentName="seg_0" id="A2560339-D1E7-DFAD-0BB9-8583355449F5">
<createdBy>k_vin</createdBy>
<createdTime>2025-08-30 20:43:06 UTC</createdTime>
<ownerDesignName>Vivir_Mejor</ownerDesignName>
<engineerTo>
<item key="E8C351AB-6CF0-C161-B517-F2ECE5B57ED5" value="true"/>
</engineerTo>
<sourcePk>BC2F2E4F-931F-1609-91B0-1A0BB1C3466D</sourcePk>
<targetPk>1E7668E8-C400-0F57-C3ED-2560120031AD</targetPk>
<identifying>false</identifying>
<optionalSource>false</optionalSource>
<optionalTarget>false</optionalTarget>
<sourceCardinality>1</sourceCardinality>
<sourceEntity>34D4D34F-2E36-5828-B2D5-A50D7BE5947F</sourceEntity>
<targetCardinalityString>*</targetCardinalityString>
<targetEntity>F4F42428-ED7E-7BF2-19C2-7664F1D37889</targetEntity>
<transferable>true</transferable>
<deleteRule>NO ACTION</deleteRule>
</Relation>