<?xml version = '1.0' encoding = 'UTF-8'?>
<Relation class="oracle.dbtools.crest.model.design.logical.Relation" name="Relation_6" directorySegmentName="seg_0" id="7C40B471-A335-7074-0D16-861FB2890DCB">
<createdBy>k_vin</createdBy>
<createdTime>2025-09-08 19:58:56 UTC</createdTime>
<ownerDesignName>MTC</ownerDesignName>
<engineerTo>
<item key="A78B6225-7054-FF25-00D6-4E4DED0B1826" value="true"/>
</engineerTo>
<sourcePk>98457D89-B2B0-6171-5B9D-25D8A42D5F89</sourcePk>
<identifying>false</identifying>
<optionalSource>false</optionalSource>
<optionalTarget>false</optionalTarget>
<sourceCardinality>1</sourceCardinality>
<sourceEntity>539290DC-E514-1C15-CF80-5E431A5CD41E</sourceEntity>
<targetCardinalityString>*</targetCardinalityString>
<targetEntity>501FFBAC-7ECE-818A-62B3-19E30B61C03C</targetEntity>
<transferable>true</transferable>
<deleteRule>NO ACTION</deleteRule>
</Relation>