<?xml version = '1.0' encoding = 'UTF-8'?>
<Relation class="oracle.dbtools.crest.model.design.logical.Relation" name="Relation_5" directorySegmentName="seg_0" id="831F4A11-D303-39B1-9798-8FA0A518A867">
<createdBy>k_vin</createdBy>
<createdTime>2025-09-08 19:58:48 UTC</createdTime>
<ownerDesignName>MTC</ownerDesignName>
<engineerTo>
<item key="A78B6225-7054-FF25-00D6-4E4DED0B1826" value="true"/>
</engineerTo>
<sourcePk>D0339345-A5DE-74B9-B93A-8A539D5EB054</sourcePk>
<identifying>false</identifying>
<optionalSource>false</optionalSource>
<optionalTarget>false</optionalTarget>
<sourceCardinality>1</sourceCardinality>
<sourceEntity>A71E95AC-D7FE-398A-0828-7C59DFC21017</sourceEntity>
<targetCardinalityString>*</targetCardinalityString>
<targetEntity>B01D55BB-7C36-8669-73BE-5D0BFC3643C2</targetEntity>
<transferable>true</transferable>
<deleteRule>NO ACTION</deleteRule>
</Relation>