<?xml version = '1.0' encoding = 'UTF-8'?>
<Relation class="oracle.dbtools.crest.model.design.logical.Relation" name="Relation_4" directorySegmentName="seg_0" id="917FC604-0521-71EC-ABFF-D085BD89A185">
<createdBy>k_vin</createdBy>
<createdTime>2025-09-08 19:58:36 UTC</createdTime>
<ownerDesignName>MTC</ownerDesignName>
<engineerTo>
<item key="A78B6225-7054-FF25-00D6-4E4DED0B1826" value="true"/>
</engineerTo>
<sourcePk>D0339345-A5DE-74B9-B93A-8A539D5EB054</sourcePk>
<identifying>false</identifying>
<optionalSource>false</optionalSource>
<optionalTarget>false</optionalTarget>
<sourceCardinality>1</sourceCardinality>
<sourceEntity>A71E95AC-D7FE-398A-0828-7C59DFC21017</sourceEntity>
<targetCardinalityString>*</targetCardinalityString>
<targetEntity>501FFBAC-7ECE-818A-62B3-19E30B61C03C</targetEntity>
<transferable>true</transferable>
<deleteRule>NO ACTION</deleteRule>
</Relation>