<?xml version = '1.0' encoding = 'UTF-8'?>
<Relation class="oracle.dbtools.crest.model.design.logical.Relation" name="Relation_1" directorySegmentName="seg_0" id="D05306AB-51A5-DC93-75C8-79923EB64AA9">
<createdBy>k_vin</createdBy>
<createdTime>2025-09-08 19:37:17 UTC</createdTime>
<ownerDesignName>MTC</ownerDesignName>
<engineerTo>
<item key="A78B6225-7054-FF25-00D6-4E4DED0B1826" value="true"/>
</engineerTo>
<sourcePk>D0339345-A5DE-74B9-B93A-8A539D5EB054</sourcePk>
<targetPk>882C2E8B-5F8B-0667-32F5-91B9EC791B37</targetPk>
<identifying>false</identifying>
<optionalSource>false</optionalSource>
<optionalTarget>false</optionalTarget>
<sourceCardinality>1</sourceCardinality>
<sourceEntity>A71E95AC-D7FE-398A-0828-7C59DFC21017</sourceEntity>
<targetCardinalityString>1</targetCardinalityString>
<targetEntity>80685211-6D76-E712-5F59-88FC4BD1B49D</targetEntity>
<transferable>true</transferable>
<deleteRule>NO ACTION</deleteRule>
</Relation>