<?xml version = '1.0' encoding = 'UTF-8'?>
<Relation class="oracle.dbtools.crest.model.design.logical.Relation" name="Relation_2" directorySegmentName="seg_0" id="DA0A2E2F-44C7-7756-88FD-80EE2343290E">
<createdBy>k_vin</createdBy>
<createdTime>2025-09-08 19:37:42 UTC</createdTime>
<ownerDesignName>MTC</ownerDesignName>
<engineerTo>
<item key="A78B6225-7054-FF25-00D6-4E4DED0B1826" value="true"/>
</engineerTo>
<sourcePk>B7C00597-CF4B-B82F-7D9B-F180ACCC070F</sourcePk>
<identifying>false</identifying>
<optionalSource>false</optionalSource>
<optionalTarget>false</optionalTarget>
<sourceCardinality>1</sourceCardinality>
<sourceEntity>259D0758-9522-2549-3D0B-5367E1E736AE</sourceEntity>
<targetCardinalityString>*</targetCardinalityString>
<targetEntity>80685211-6D76-E712-5F59-88FC4BD1B49D</targetEntity>
<transferable>true</transferable>
<deleteRule>NO ACTION</deleteRule>
</Relation>