<?xml version = '1.0' encoding = 'UTF-8'?>
<Relation class="oracle.dbtools.crest.model.design.logical.InheritanceRelation" name="Hierarchy_6" directorySegmentName="seg_0" id="7E0F78D2-7AB9-A833-1626-E7FF2EBE8BF5">
<createdBy>k_vin</createdBy>
<createdTime>2025-08-30 21:59:03 UTC</createdTime>
<ownerDesignName>Vivir_Mejor</ownerDesignName>
<engineerTo>
<item key="E8C351AB-6CF0-C161-B517-F2ECE5B57ED5" value="true"/>
</engineerTo>
<arc>9172121A-1509-10F7-9825-0220580A7A9A</arc>
<identifying>false</identifying>
<nameOnSource>Super Type</nameOnSource>
<nameOnTarget>Sub Type</nameOnTarget>
<optionalSource>true</optionalSource>
<optionalTarget>true</optionalTarget>
<sourceEntity>F4F42428-ED7E-7BF2-19C2-7664F1D37889</sourceEntity>
<targetEntity>4898DE26-6EC4-1DB2-09A0-F3DDF769B16D</targetEntity>
<transferable>true</transferable>
<deleteRule>NO ACTION</deleteRule>
</Relation>