<?xml version = '1.0' encoding = 'UTF-8'?>
<Relation class="oracle.dbtools.crest.model.design.logical.InheritanceRelation" name="Hierarchy_9" directorySegmentName="seg_0" id="AF619869-8318-1005-6201-D27FD9664CD9">
<createdBy>k_vin</createdBy>
<createdTime>2025-08-30 22:04:20 UTC</createdTime>
<ownerDesignName>Vivir_Mejor</ownerDesignName>
<engineerTo>
<item key="E8C351AB-6CF0-C161-B517-F2ECE5B57ED5" value="true"/>
</engineerTo>
<arc>3AE61659-1493-5C52-955D-35A43F428F26</arc>
<identifying>false</identifying>
<nameOnSource>Super Type</nameOnSource>
<nameOnTarget>Sub Type</nameOnTarget>
<optionalSource>true</optionalSource>
<optionalTarget>true</optionalTarget>
<sourceEntity>940A326B-51D7-FC8F-223C-A70609012F46</sourceEntity>
<targetEntity>056903D0-25AC-5F48-4C9C-B29FBAB8957C</targetEntity>
<transferable>true</transferable>
<deleteRule>NO ACTION</deleteRule>
</Relation>