<?xml version = '1.0' encoding = 'UTF-8'?>
<Relation class="oracle.dbtools.crest.model.design.logical.InheritanceRelation" name="Hierarchy_5" directorySegmentName="seg_0" id="C550CD98-86BA-2E06-90D0-D007410451AA">
<createdBy>k_vin</createdBy>
<createdTime>2025-08-30 21:58:14 UTC</createdTime>
<ownerDesignName>Vivir_Mejor</ownerDesignName>
<engineerTo>
<item key="E8C351AB-6CF0-C161-B517-F2ECE5B57ED5" value="true"/>
</engineerTo>
<arc>9172121A-1509-10F7-9825-0220580A7A9A</arc>
<identifying>false</identifying>
<nameOnSource>Super Type</nameOnSource>
<nameOnTarget>Sub Type</nameOnTarget>
<optionalSource>true</optionalSource>
<optionalTarget>true</optionalTarget>
<sourceEntity>F4F42428-ED7E-7BF2-19C2-7664F1D37889</sourceEntity>
<targetEntity>20D499BB-35B7-9133-A753-0DD17CC4009D</targetEntity>
<transferable>true</transferable>
<deleteRule>NO ACTION</deleteRule>
</Relation>