<?xml version = '1.0' encoding = 'UTF-8'?>
<Relation class="oracle.dbtools.crest.model.design.logical.InheritanceRelation" name="Hierarchy_10" directorySegmentName="seg_0" id="D4EC2599-91C4-CE21-E1E1-B2504CD2F43F">
<createdBy>k_vin</createdBy>
<createdTime>2025-08-30 22:04:25 UTC</createdTime>
<ownerDesignName>Vivir_Mejor</ownerDesignName>
<engineerTo>
<item key="E8C351AB-6CF0-C161-B517-F2ECE5B57ED5" value="true"/>
</engineerTo>
<arc>3AE61659-1493-5C52-955D-35A43F428F26</arc>
<identifying>false</identifying>
<nameOnSource>Super Type</nameOnSource>
<nameOnTarget>Sub Type</nameOnTarget>
<optionalSource>true</optionalSource>
<optionalTarget>true</optionalTarget>
<sourceEntity>940A326B-51D7-FC8F-223C-A70609012F46</sourceEntity>
<targetEntity>AA16EBD9-1CDB-0429-45FE-4B4DCC583252</targetEntity>
<transferable>true</transferable>
<deleteRule>NO ACTION</deleteRule>
</Relation>