<?xml version = '1.0' encoding = 'UTF-8'?>
<Diagram class="oracle.dbtools.crest.swingui.logical.DPVLogical" name="Logical" id="4D74CFFC-0F4C-D1FB-F75F-B7F4A297A3FA">
<createdBy>k_vin</createdBy>
<modifiedBy>k_vin</modifiedBy>
<createdTime>2025-09-08 06:06:32 UTC</createdTime>
<autoRoute>false</autoRoute>
<boxInbox>true</boxInbox>
<showLegend>false</showLegend>
<showLabels>false</showLabels>
<showRelAttributes>false</showRelAttributes>
<gridEnabled>false</gridEnabled>
<showGrid>false</showGrid>
<diagramColor>-1</diagramColor>
<display>false</display>
<notation>0</notation>
<objectViews>
<OView class="oracle.dbtools.crest.swingui.logical.TVEntity" oid="259D0758-9522-2549-3D0B-5367E1E736AE" otype="Entity" vid="2E498D32-342C-2101-98AF-D72E7B4E4E7F">
<hideElementsInCurrentOnly>false</hideElementsInCurrentOnly>
<bounds x="250" y="77" width="248" height="168"/>
</OView>
<OView class="oracle.dbtools.crest.swingui.logical.TVEntity" oid="501FFBAC-7ECE-818A-62B3-19E30B61C03C" otype="Entity" vid="13B99816-6A3C-5C98-7E24-886B8EE7B65D">
<hideElementsInCurrentOnly>false</hideElementsInCurrentOnly>
<bounds x="690" y="392" width="230" height="133"/>
</OView>
<OView class="oracle.dbtools.crest.swingui.logical.TVEntity" oid="539290DC-E514-1C15-CF80-5E431A5CD41E" otype="Entity" vid="B22CC421-1527-DFA3-1EF5-4FBDD9A0B92C">
<hideElementsInCurrentOnly>false</hideElementsInCurrentOnly>
<bounds x="1046" y="85" width="228" height="144"/>
</OView>
<OView class="oracle.dbtools.crest.swingui.logical.TVEntity" oid="80685211-6D76-E712-5F59-88FC4BD1B49D" otype="Entity" vid="6853E918-1ED6-534F-F296-1BB109C2A370">
<hideElementsInCurrentOnly>false</hideElementsInCurrentOnly>
<bounds x="239" y="374" width="259" height="173"/>
</OView>
<OView class="oracle.dbtools.crest.swingui.logical.TVEntity" oid="A71E95AC-D7FE-398A-0828-7C59DFC21017" otype="Entity" vid="DDFB9373-AB06-4F23-FABF-3E9C9C09AB81">
<hideElementsInCurrentOnly>false</hideElementsInCurrentOnly>
<bounds x="662" y="87" width="239" height="198"/>
</OView>
<OView class="oracle.dbtools.crest.swingui.logical.TVEntity" oid="B01D55BB-7C36-8669-73BE-5D0BFC3643C2" otype="Entity" vid="4EC4F863-FA17-3BC0-0979-9FBF98A80459">
<hideElementsInCurrentOnly>false</hideElementsInCurrentOnly>
<bounds x="1050" y="378" width="238" height="129"/>
</OView>
</objectViews>
<connectors>
<Connector class="oracle.dbtools.crest.swingui.logical.TVRelation" oid="4B0E1FD1-F4B3-D316-DB60-E15AC456E7DC" otype="Relation" vid_source="B22CC421-1527-DFA3-1EF5-4FBDD9A0B92C" vid_target="4EC4F863-FA17-3BC0-0979-9FBF98A80459">
<hideElementsInCurrentOnly>false</hideElementsInCurrentOnly>
<backgroundColor>-16777216</backgroundColor>
<lineWidth>1</lineWidth>
<points>
<point x="1162" y="229"/>
<point x="1162" y="378"/>
</points>
</Connector>
<Connector class="oracle.dbtools.crest.swingui.logical.TVRelation" oid="7C40B471-A335-7074-0D16-861FB2890DCB" otype="Relation" vid_source="B22CC421-1527-DFA3-1EF5-4FBDD9A0B92C" vid_target="13B99816-6A3C-5C98-7E24-886B8EE7B65D">
<hideElementsInCurrentOnly>false</hideElementsInCurrentOnly>
<backgroundColor>-16777216</backgroundColor>
<lineWidth>1</lineWidth>
<points>
<point x="1075" y="229"/>
<point x="883" y="392"/>
</points>
</Connector>
<Connector class="oracle.dbtools.crest.swingui.logical.TVRelation" oid="831F4A11-D303-39B1-9798-8FA0A518A867" otype="Relation" vid_source="DDFB9373-AB06-4F23-FABF-3E9C9C09AB81" vid_target="4EC4F863-FA17-3BC0-0979-9FBF98A80459">
<hideElementsInCurrentOnly>false</hideElementsInCurrentOnly>
<backgroundColor>-16777216</backgroundColor>
<lineWidth>1</lineWidth>
<points>
<point x="901" y="265"/>
<point x="1071" y="378"/>
</points>
</Connector>
<Connector class="oracle.dbtools.crest.swingui.logical.TVRelation" oid="917FC604-0521-71EC-ABFF-D085BD89A185" otype="Relation" vid_source="DDFB9373-AB06-4F23-FABF-3E9C9C09AB81" vid_target="13B99816-6A3C-5C98-7E24-886B8EE7B65D">
<hideElementsInCurrentOnly>false</hideElementsInCurrentOnly>
<backgroundColor>-16777216</backgroundColor>
<lineWidth>1</lineWidth>
<points>
<point x="795" y="285"/>
<point x="795" y="392"/>
</points>
</Connector>
<Connector class="oracle.dbtools.crest.swingui.logical.TVRelation" oid="D05306AB-51A5-DC93-75C8-79923EB64AA9" otype="Relation" vid_source="DDFB9373-AB06-4F23-FABF-3E9C9C09AB81" vid_target="6853E918-1ED6-534F-F296-1BB109C2A370">
<hideElementsInCurrentOnly>false</hideElementsInCurrentOnly>
<backgroundColor>-16777216</backgroundColor>
<lineWidth>1</lineWidth>
<points>
<point x="662" y="265"/>
<point x="498" y="374"/>
</points>
</Connector>
<Connector class="oracle.dbtools.crest.swingui.logical.TVRelation" oid="DA0A2E2F-44C7-7756-88FD-80EE2343290E" otype="Relation" vid_source="2E498D32-342C-2101-98AF-D72E7B4E4E7F" vid_target="6853E918-1ED6-534F-F296-1BB109C2A370">
<hideElementsInCurrentOnly>false</hideElementsInCurrentOnly>
<backgroundColor>-16777216</backgroundColor>
<lineWidth>1</lineWidth>
<points>
<point x="374" y="245"/>
<point x="374" y="374"/>
</points>
</Connector>
</connectors>
</Diagram>