<?xml version = '1.0' encoding = 'UTF-8'?>
<Relation class="oracle.dbtools.crest.model.design.logical.Relation" name="Relation_7" directorySegmentName="seg_0" id="212835E0-DC07-358D-31EB-9AA685252C79">
<createdBy>k_vin</createdBy>
<createdTime>2025-08-25 08:16:18 UTC</createdTime>
<ownerDesignName>BT&amp;Airways</ownerDesignName>
<engineerTo>
<item key="F3AFACFA-E855-1113-53DA-94ED0167D15A" value="true"/>
</engineerTo>
<sourcePk>A607A9DC-94C9-A737-1872-CFFDFBAFF97A</sourcePk>
<identifying>false</identifying>
<optionalSource>false</optionalSource>
<optionalTarget>false</optionalTarget>
<sourceCardinality>1</sourceCardinality>
<sourceEntity>FF207BAD-1AE1-8BC2-F702-7752CA4BDC36</sourceEntity>
<targetCardinalityString>1</targetCardinalityString>
<targetEntity>4F65859C-7DBE-9EE8-42F7-61433763037E</targetEntity>
<transferable>true</transferable>
<deleteRule>NO ACTION</deleteRule>
</Relation>