<?xml version = '1.0' encoding = 'UTF-8'?>
<Relation class="oracle.dbtools.crest.model.design.logical.Relation" name="Relation_3" directorySegmentName="seg_0" id="32C10AEE-9BD4-D20C-A4AE-58AB19930F54">
<createdBy>k_vin</createdBy>
<createdTime>2025-08-25 08:05:52 UTC</createdTime>
<ownerDesignName>BT&amp;Airways</ownerDesignName>
<engineerTo>
<item key="F3AFACFA-E855-1113-53DA-94ED0167D15A" value="true"/>
</engineerTo>
<sourcePk>872F25A2-8F2E-8B95-F247-1E1D4548F2AA</sourcePk>
<identifying>false</identifying>
<optionalSource>false</optionalSource>
<optionalTarget>false</optionalTarget>
<sourceCardinality>1</sourceCardinality>
<sourceEntity>C33687DC-50E7-E3A5-7435-4DB7AF74E39F</sourceEntity>
<targetCardinalityString>*</targetCardinalityString>
<targetEntity>A97A26E2-95A0-879E-335C-93C01F50991B</targetEntity>
<transferable>true</transferable>
<deleteRule>NO ACTION</deleteRule>
</Relation>