<?xml version = '1.0' encoding = 'UTF-8'?>
<Relation class="oracle.dbtools.crest.model.design.logical.Relation" name="Relation_2" directorySegmentName="seg_0" id="5C97F312-AD76-7F10-FB7A-4403120B4408">
<createdBy>k_vin</createdBy>
<createdTime>2025-08-25 08:00:29 UTC</createdTime>
<ownerDesignName>BT&amp;Airways</ownerDesignName>
<engineerTo>
<item key="F3AFACFA-E855-1113-53DA-94ED0167D15A" value="true"/>
</engineerTo>
<sourcePk>8BD8CAED-152F-FDD3-4C29-A77288DAF016</sourcePk>
<identifying>false</identifying>
<optionalSource>false</optionalSource>
<optionalTarget>false</optionalTarget>
<sourceCardinality>1</sourceCardinality>
<sourceEntity>BF4E0657-2E4F-CCC0-16E2-C6A50791C573</sourceEntity>
<targetCardinalityString>*</targetCardinalityString>
<targetEntity>A97A26E2-95A0-879E-335C-93C01F50991B</targetEntity>
<transferable>true</transferable>
<deleteRule>NO ACTION</deleteRule>
</Relation>