<?xml version = '1.0' encoding = 'UTF-8'?>
<Relation class="oracle.dbtools.crest.model.design.logical.Relation" name="Relation_1" directorySegmentName="seg_0" id="84F808A2-8D18-BB17-8D3A-AAD6C30C1EE1">
<createdBy>k_vin</createdBy>
<createdTime>2025-08-25 07:54:19 UTC</createdTime>
<ownerDesignName>BT&amp;Airways</ownerDesignName>
<engineerTo>
<item key="F3AFACFA-E855-1113-53DA-94ED0167D15A" value="true"/>
</engineerTo>
<sourcePk>8BD8CAED-152F-FDD3-4C29-A77288DAF016</sourcePk>
<identifying>false</identifying>
<optionalSource>true</optionalSource>
<optionalTarget>false</optionalTarget>
<sourceCardinality>1</sourceCardinality>
<sourceEntity>BF4E0657-2E4F-CCC0-16E2-C6A50791C573</sourceEntity>
<targetCardinalityString>*</targetCardinalityString>
<targetEntity>A61E0595-F8F1-F554-DBDC-25D73A2675D0</targetEntity>
<transferable>true</transferable>
<deleteRule>NO ACTION</deleteRule>
</Relation>