<?xml version = '1.0' encoding = 'UTF-8'?>
<Relation class="oracle.dbtools.crest.model.design.logical.Relation" name="Relation_4" directorySegmentName="seg_0" id="99223D21-38FB-0522-F421-BCDD72FA7053">
<createdBy>k_vin</createdBy>
<createdTime>2025-08-25 08:08:01 UTC</createdTime>
<ownerDesignName>BT&amp;Airways</ownerDesignName>
<engineerTo>
<item key="F3AFACFA-E855-1113-53DA-94ED0167D15A" value="true"/>
</engineerTo>
<sourcePk>357FF746-CA1E-98EF-CD17-51711D14909C</sourcePk>
<identifying>false</identifying>
<optionalSource>false</optionalSource>
<optionalTarget>false</optionalTarget>
<sourceCardinality>1</sourceCardinality>
<sourceEntity>C4777F74-E1B8-EC67-AAB8-A33A3771C60D</sourceEntity>
<targetCardinalityString>*</targetCardinalityString>
<targetEntity>C33687DC-50E7-E3A5-7435-4DB7AF74E39F</targetEntity>
<transferable>true</transferable>
<deleteRule>NO ACTION</deleteRule>
</Relation>