<?xml version = '1.0' encoding = 'UTF-8'?>
<Relation class="oracle.dbtools.crest.model.design.logical.Relation" name="Relation_9" directorySegmentName="seg_0" id="9CCB4A5B-D9A9-3FCB-7676-689A83C52D63">
<createdBy>k_vin</createdBy>
<createdTime>2025-08-25 08:18:44 UTC</createdTime>
<ownerDesignName>BT&amp;Airways</ownerDesignName>
<engineerTo>
<item key="F3AFACFA-E855-1113-53DA-94ED0167D15A" value="true"/>
</engineerTo>
<identifying>false</identifying>
<optionalSource>false</optionalSource>
<optionalTarget>false</optionalTarget>
<sourceCardinality>1</sourceCardinality>
<sourceEntity>99A585AE-A20F-77F4-E1F3-C15A6EEB9104</sourceEntity>
<targetCardinalityString>*</targetCardinalityString>
<targetEntity>C33687DC-50E7-E3A5-7435-4DB7AF74E39F</targetEntity>
<transferable>true</transferable>
<deleteRule>NO ACTION</deleteRule>
</Relation>