<?xml version = '1.0' encoding = 'UTF-8'?>
<Relation class="oracle.dbtools.crest.model.design.logical.Relation" name="Relation_5" directorySegmentName="seg_0" id="C380BBC8-DA04-66AE-1C70-F2A452F8DAAD">
<createdBy>k_vin</createdBy>
<createdTime>2025-08-25 08:12:33 UTC</createdTime>
<ownerDesignName>BT&amp;Airways</ownerDesignName>
<engineerTo>
<item key="F3AFACFA-E855-1113-53DA-94ED0167D15A" value="true"/>
</engineerTo>
<sourcePk>A607A9DC-94C9-A737-1872-CFFDFBAFF97A</sourcePk>
<identifying>false</identifying>
<optionalSource>false</optionalSource>
<optionalTarget>false</optionalTarget>
<sourceCardinality>1</sourceCardinality>
<sourceEntity>FF207BAD-1AE1-8BC2-F702-7752CA4BDC36</sourceEntity>
<targetCardinalityString>*</targetCardinalityString>
<targetEntity>C33687DC-50E7-E3A5-7435-4DB7AF74E39F</targetEntity>
<transferable>true</transferable>
<deleteRule>NO ACTION</deleteRule>
</Relation>