<?xml version = '1.0' encoding = 'UTF-8'?>
<Relation class="oracle.dbtools.crest.model.design.logical.Relation" name="Relation_6" directorySegmentName="seg_0" id="D637CD69-35C9-901D-CBA1-0715F3CE09D7">
<createdBy>k_vin</createdBy>
<createdTime>2025-08-25 08:16:08 UTC</createdTime>
<ownerDesignName>BT&amp;Airways</ownerDesignName>
<engineerTo>
<item key="F3AFACFA-E855-1113-53DA-94ED0167D15A" value="true"/>
</engineerTo>
<targetPk>A607A9DC-94C9-A737-1872-CFFDFBAFF97A</targetPk>
<identifying>false</identifying>
<optionalSource>false</optionalSource>
<optionalTarget>false</optionalTarget>
<sourceCardinality>1</sourceCardinality>
<sourceEntity>99A585AE-A20F-77F4-E1F3-C15A6EEB9104</sourceEntity>
<targetCardinalityString>1</targetCardinalityString>
<targetEntity>FF207BAD-1AE1-8BC2-F702-7752CA4BDC36</targetEntity>
<transferable>true</transferable>
<deleteRule>NO ACTION</deleteRule>
</Relation>