<?xml version = '1.0' encoding = 'UTF-8'?>
<Entity class="oracle.dbtools.crest.model.design.logical.Entity" directorySegmentName="seg_0" id="0190F43F-F86F-2FEA-BDDD-D3583EF988D8" name="APODERADO">
<createdBy>k_vin</createdBy>
<createdTime>2025-08-28 18:35:43 UTC</createdTime>
<ownerDesignName>Vivir_Mejor</ownerDesignName>
<engineerTo>
<item key="E8C351AB-6CF0-C161-B517-F2ECE5B57ED5" value="true"/>
</engineerTo>
<adequatelyNormalized>NO</adequatelyNormalized>
<expectedVolumes>0</expectedVolumes>
<fwdEngineeringStrategyName>Single Table</fwdEngineeringStrategyName>
<growthPercent>0</growthPercent>
<growthType>Year</growthType>
<maxVolumes>9999999</maxVolumes>
<minVolumes>0</minVolumes>
<normalForm>Third</normalForm>
<attributes itemClass="oracle.dbtools.crest.model.design.logical.Attribute">
<Attribute name="id_apoderado" id="6B4C21FD-B9E4-24E7-0B05-294EC8C1CE12">
<createdBy>k_vin</createdBy>
<createdTime>2025-08-30 21:17:47 UTC</createdTime>
<ownerDesignName>Vivir_Mejor</ownerDesignName>
<engineerTo>
<item key="E8C351AB-6CF0-C161-B517-F2ECE5B57ED5" value="true"/>
</engineerTo>
<useDomainConstraints>false</useDomainConstraints>
<use>1</use>
<logicalDatatype>LOGDT019</logicalDatatype>
<ownDataTypeParameters>,,</ownDataTypeParameters>
</Attribute>
<Attribute name="nombre" id="86EF7F83-BA81-510D-0124-8EF897C73E72">
<createdBy>k_vin</createdBy>
<createdTime>2025-08-30 21:17:47 UTC</createdTime>
<ownerDesignName>Vivir_Mejor</ownerDesignName>
<engineerTo>
<item key="E8C351AB-6CF0-C161-B517-F2ECE5B57ED5" value="true"/>
</engineerTo>
<useDomainConstraints>false</useDomainConstraints>
<use>1</use>
<logicalDatatype>LOGDT024</logicalDatatype>
<ownDataTypeParameters>,,</ownDataTypeParameters>
</Attribute>
<Attribute name="run" id="CD4640FA-01E8-957B-874A-1C465EB0F2AD">
<createdBy>k_vin</createdBy>
<createdTime>2025-08-30 21:50:00 UTC</createdTime>
<ownerDesignName>Vivir_Mejor</ownerDesignName>
<engineerTo>
<item key="E8C351AB-6CF0-C161-B517-F2ECE5B57ED5" value="true"/>
</engineerTo>
<useDomainConstraints>false</useDomainConstraints>
<use>1</use>
<logicalDatatype>LOGDT019</logicalDatatype>
<ownDataTypeParameters>,,</ownDataTypeParameters>
</Attribute>
<Attribute name="digito" id="81748546-5C60-67EB-9564-9858B85C31FD">
<createdBy>k_vin</createdBy>
<createdTime>2025-08-30 21:50:04 UTC</createdTime>
<ownerDesignName>Vivir_Mejor</ownerDesignName>
<engineerTo>
<item key="E8C351AB-6CF0-C161-B517-F2ECE5B57ED5" value="true"/>
</engineerTo>
<useDomainConstraints>false</useDomainConstraints>
<use>1</use>
<logicalDatatype>LOGDT019</logicalDatatype>
<ownDataTypeParameters>,,</ownDataTypeParameters>
</Attribute>
<Attribute name="direccion" id="70F30A3C-7A52-2706-F7E4-A5CEE819774C">
<createdBy>k_vin</createdBy>
<createdTime>2025-08-30 21:50:53 UTC</createdTime>
<ownerDesignName>Vivir_Mejor</ownerDesignName>
<engineerTo>
<item key="E8C351AB-6CF0-C161-B517-F2ECE5B57ED5" value="true"/>
</engineerTo>
<nullsAllowed>true</nullsAllowed>
<useDomainConstraints>false</useDomainConstraints>
<use>1</use>
<logicalDatatype>LOGDT024</logicalDatatype>
<dataTypeSize>200</dataTypeSize>
<ownDataTypeParameters>200,,</ownDataTypeParameters>
</Attribute>
<Attribute name="telefono" id="84CACE0D-9469-3186-5CCA-37213F3C0AF8">
<createdBy>k_vin</createdBy>
<createdTime>2025-08-30 21:18:28 UTC</createdTime>
<ownerDesignName>Vivir_Mejor</ownerDesignName>
<engineerTo>
<item key="E8C351AB-6CF0-C161-B517-F2ECE5B57ED5" value="true"/>
</engineerTo>
<useDomainConstraints>false</useDomainConstraints>
<use>1</use>
<logicalDatatype>LOGDT019</logicalDatatype>
<ownDataTypeParameters>,,</ownDataTypeParameters>
</Attribute>
<Attribute name="email" id="206A7EC7-2C2A-9EE5-E640-DC90302FF23C">
<createdBy>k_vin</createdBy>
<createdTime>2025-08-30 21:51:20 UTC</createdTime>
<ownerDesignName>Vivir_Mejor</ownerDesignName>
<engineerTo>
<item key="E8C351AB-6CF0-C161-B517-F2ECE5B57ED5" value="true"/>
</engineerTo>
<nullsAllowed>true</nullsAllowed>
<useDomainConstraints>false</useDomainConstraints>
<use>1</use>
<logicalDatatype>LOGDT024</logicalDatatype>
<dataTypeSize>100</dataTypeSize>
<ownDataTypeParameters>100,,</ownDataTypeParameters>
</Attribute>
<Attribute name="id_contrato" id="FEA5AC59-BFA9-BFCD-E8F3-BC984DC0B300">
<createdBy>k_vin</createdBy>
<createdTime>2025-08-30 21:31:33 UTC</createdTime>
<generatorID>5F9E5558-B84D-6600-3EDA-59C72ED3DABC</generatorID>
<ownerDesignName>Vivir_Mejor</ownerDesignName>
<engineerTo>
<item key="E8C351AB-6CF0-C161-B517-F2ECE5B57ED5" value="true"/>
</engineerTo>
<referedAttribute>CFD8F56A-32E1-E2DD-37FC-FA83F984E006</referedAttribute>
<useDomainConstraints>false</useDomainConstraints>
<use>1</use>
<logicalDatatype>LOGDT019</logicalDatatype>
<ownDataTypeParameters>,,</ownDataTypeParameters>
</Attribute>
</attributes>
<identifiers itemClass="oracle.dbtools.crest.model.design.logical.CandidateKey">
<identifier id="E5B48D8E-859D-7D84-DDD6-08E3B2668255" name="APODERADO PK">
<createdBy>k_vin</createdBy>
<createdTime>2025-08-30 21:17:57 UTC</createdTime>
<ownerDesignName>Vivir_Mejor</ownerDesignName>
<engineerTo>
<item key="E8C351AB-6CF0-C161-B517-F2ECE5B57ED5" value="true"/>
</engineerTo>
<pk>true</pk>
<usedAttributes>
<attributeRef>6B4C21FD-B9E4-24E7-0B05-294EC8C1CE12</attributeRef>
</usedAttributes>
</identifier>
</identifiers>
</Entity>