<?xml version = '1.0' encoding = 'UTF-8'?>
<Entity class="oracle.dbtools.crest.model.design.logical.Entity" directorySegmentName="seg_0" id="14072CE4-20E9-4FBF-DEE5-D6A516694A97" name="ANEXO">
<createdBy>k_vin</createdBy>
<createdTime>2025-08-28 18:48:30 UTC</createdTime>
<ownerDesignName>Vivir_Mejor</ownerDesignName>
<engineerTo>
<item key="E8C351AB-6CF0-C161-B517-F2ECE5B57ED5" value="true"/>
</engineerTo>
<adequatelyNormalized>NO</adequatelyNormalized>
<expectedVolumes>0</expectedVolumes>
<fwdEngineeringStrategyName>Single Table</fwdEngineeringStrategyName>
<growthPercent>0</growthPercent>
<growthType>Year</growthType>
<maxVolumes>9999999</maxVolumes>
<minVolumes>0</minVolumes>
<normalForm>Third</normalForm>
<attributes itemClass="oracle.dbtools.crest.model.design.logical.Attribute">
<Attribute name="id_anexo" id="2D3DCD5A-D30D-42AF-65D0-E5FB8080C982">
<createdBy>k_vin</createdBy>
<createdTime>2025-08-30 21:36:19 UTC</createdTime>
<ownerDesignName>Vivir_Mejor</ownerDesignName>
<engineerTo>
<item key="E8C351AB-6CF0-C161-B517-F2ECE5B57ED5" value="true"/>
</engineerTo>
<useDomainConstraints>false</useDomainConstraints>
<use>1</use>
<logicalDatatype>LOGDT019</logicalDatatype>
<ownDataTypeParameters>,,</ownDataTypeParameters>
</Attribute>
<Attribute name="inicio_estadia" id="3F44AE1D-9605-1DDC-752A-C13C008125C2">
<createdBy>k_vin</createdBy>
<createdTime>2025-08-28 19:02:14 UTC</createdTime>
<ownerDesignName>Vivir_Mejor</ownerDesignName>
<engineerTo>
<item key="E8C351AB-6CF0-C161-B517-F2ECE5B57ED5" value="true"/>
</engineerTo>
<useDomainConstraints>false</useDomainConstraints>
<use>1</use>
<logicalDatatype>LOGDT007</logicalDatatype>
<ownDataTypeParameters>,,</ownDataTypeParameters>
</Attribute>
<Attribute name="termino_estadia" id="113872E5-6FDB-6344-087C-1EC3EE67B4C3">
<createdBy>k_vin</createdBy>
<createdTime>2025-08-28 19:02:19 UTC</createdTime>
<ownerDesignName>Vivir_Mejor</ownerDesignName>
<engineerTo>
<item key="E8C351AB-6CF0-C161-B517-F2ECE5B57ED5" value="true"/>
</engineerTo>
<nullsAllowed>true</nullsAllowed>
<useDomainConstraints>false</useDomainConstraints>
<use>1</use>
<logicalDatatype>LOGDT007</logicalDatatype>
<ownDataTypeParameters>,,</ownDataTypeParameters>
</Attribute>
<Attribute name="observacion" id="F54C2AF7-2A60-A955-81B6-F576C093DBB6">
<createdBy>k_vin</createdBy>
<createdTime>2025-08-28 19:02:19 UTC</createdTime>
<ownerDesignName>Vivir_Mejor</ownerDesignName>
<engineerTo>
<item key="E8C351AB-6CF0-C161-B517-F2ECE5B57ED5" value="true"/>
</engineerTo>
<useDomainConstraints>false</useDomainConstraints>
<use>1</use>
<logicalDatatype>LOGDT024</logicalDatatype>
<dataTypeSize>100</dataTypeSize>
<ownDataTypeParameters>100,,</ownDataTypeParameters>
</Attribute>
<Attribute name="id_residente" id="A521DD22-CB0E-0092-CAE0-DDE74D9997E7">
<createdBy>k_vin</createdBy>
<createdTime>2025-08-30 21:25:19 UTC</createdTime>
<generatorID>1350960F-0A96-F687-242E-8073506DACF8</generatorID>
<ownerDesignName>Vivir_Mejor</ownerDesignName>
<engineerTo>
<item key="E8C351AB-6CF0-C161-B517-F2ECE5B57ED5" value="true"/>
</engineerTo>
<referedAttribute>B1F961F6-23B3-CC36-BFE0-26A1931F5071</referedAttribute>
<useDomainConstraints>false</useDomainConstraints>
<use>1</use>
<logicalDatatype>LOGDT019</logicalDatatype>
<ownDataTypeParameters>,,</ownDataTypeParameters>
</Attribute>
<Attribute name="id_contrato" id="6386FC1C-184E-11F8-49DC-84F526879C2F">
<createdBy>k_vin</createdBy>
<createdTime>2025-08-30 21:34:18 UTC</createdTime>
<generatorID>0FB20E15-D90D-A067-D1E6-DCD7087853A7</generatorID>
<ownerDesignName>Vivir_Mejor</ownerDesignName>
<engineerTo>
<item key="E8C351AB-6CF0-C161-B517-F2ECE5B57ED5" value="true"/>
</engineerTo>
<referedAttribute>CFD8F56A-32E1-E2DD-37FC-FA83F984E006</referedAttribute>
<useDomainConstraints>false</useDomainConstraints>
<use>1</use>
<logicalDatatype>LOGDT019</logicalDatatype>
<ownDataTypeParameters>,,</ownDataTypeParameters>
</Attribute>
</attributes>
<identifiers itemClass="oracle.dbtools.crest.model.design.logical.CandidateKey">
<identifier id="DAE0B1DD-4ED9-DCA6-AC21-59C162295638" name="ANEXO PK">
<createdBy>k_vin</createdBy>
<createdTime>2025-08-30 21:36:29 UTC</createdTime>
<ownerDesignName>Vivir_Mejor</ownerDesignName>
<engineerTo>
<item key="E8C351AB-6CF0-C161-B517-F2ECE5B57ED5" value="true"/>
</engineerTo>
<pk>true</pk>
<usedAttributes>
<attributeRef>2D3DCD5A-D30D-42AF-65D0-E5FB8080C982</attributeRef>
</usedAttributes>
</identifier>
</identifiers>
</Entity>