<?xml version = '1.0' encoding = 'UTF-8'?>
<Entity class="oracle.dbtools.crest.model.design.logical.Entity" directorySegmentName="seg_0" id="20D499BB-35B7-9133-A753-0DD17CC4009D" name="MEDICO">
<createdBy>k_vin</createdBy>
<createdTime>2025-08-30 21:57:26 UTC</createdTime>
<ownerDesignName>Vivir_Mejor</ownerDesignName>
<engineerTo>
<item key="E8C351AB-6CF0-C161-B517-F2ECE5B57ED5" value="true"/>
</engineerTo>
<adequatelyNormalized>NO</adequatelyNormalized>
<expectedVolumes>0</expectedVolumes>
<fwdEngineeringStrategyName>Single Table</fwdEngineeringStrategyName>
<growthPercent>0</growthPercent>
<growthType>Year</growthType>
<hierarchicalParent>F4F42428-ED7E-7BF2-19C2-7664F1D37889</hierarchicalParent>
<maxVolumes>9999999</maxVolumes>
<minVolumes>0</minVolumes>
<normalForm>Third</normalForm>
<attributes itemClass="oracle.dbtools.crest.model.design.logical.Attribute">
<Attribute name="especialidad" id="64738CF9-7ECC-DA25-992E-33DC5F0102CE">
<createdBy>k_vin</createdBy>
<createdTime>2025-08-30 21:57:41 UTC</createdTime>
<ownerDesignName>Vivir_Mejor</ownerDesignName>
<engineerTo>
<item key="E8C351AB-6CF0-C161-B517-F2ECE5B57ED5" value="true"/>
</engineerTo>
<useDomainConstraints>false</useDomainConstraints>
<use>1</use>
<logicalDatatype>LOGDT024</logicalDatatype>
<dataTypeSize>100</dataTypeSize>
<ownDataTypeParameters>100,,</ownDataTypeParameters>
</Attribute>
</attributes>
</Entity>