<?xml version = '1.0' encoding = 'UTF-8'?>
<Entity class="oracle.dbtools.crest.model.design.logical.Entity" directorySegmentName="seg_0" id="34D4D34F-2E36-5828-B2D5-A50D7BE5947F" name="RESIDENCIA">
<createdBy>k_vin</createdBy>
<createdTime>2025-08-28 18:32:50 UTC</createdTime>
<ownerDesignName>Vivir_Mejor</ownerDesignName>
<engineerTo>
<item key="E8C351AB-6CF0-C161-B517-F2ECE5B57ED5" value="true"/>
</engineerTo>
<adequatelyNormalized>NO</adequatelyNormalized>
<expectedVolumes>0</expectedVolumes>
<fwdEngineeringStrategyName>Single Table</fwdEngineeringStrategyName>
<growthPercent>0</growthPercent>
<growthType>Year</growthType>
<maxVolumes>9999999</maxVolumes>
<minVolumes>0</minVolumes>
<normalForm>Third</normalForm>
<attributes itemClass="oracle.dbtools.crest.model.design.logical.Attribute">
<Attribute name="id_residencia" id="38C66E37-1EB9-215F-E3B7-92C14CF0D319">
<createdBy>k_vin</createdBy>
<createdTime>2025-08-28 19:19:36 UTC</createdTime>
<ownerDesignName>Vivir_Mejor</ownerDesignName>
<engineerTo>
<item key="E8C351AB-6CF0-C161-B517-F2ECE5B57ED5" value="true"/>
</engineerTo>
<useDomainConstraints>false</useDomainConstraints>
<use>1</use>
<logicalDatatype>LOGDT019</logicalDatatype>
<ownDataTypeParameters>,,</ownDataTypeParameters>
</Attribute>
<Attribute name="nombre_residencia" id="4FE6353D-4472-1A2B-CAFF-EA2AB662C632">
<createdBy>k_vin</createdBy>
<createdTime>2025-08-30 21:45:08 UTC</createdTime>
<ownerDesignName>Vivir_Mejor</ownerDesignName>
<engineerTo>
<item key="E8C351AB-6CF0-C161-B517-F2ECE5B57ED5" value="true"/>
</engineerTo>
<useDomainConstraints>false</useDomainConstraints>
<use>1</use>
<logicalDatatype>LOGDT024</logicalDatatype>
<dataTypeSize>200</dataTypeSize>
<ownDataTypeParameters>200,,</ownDataTypeParameters>
</Attribute>
<Attribute name="direccion" id="F5A65B9D-D2F5-ABAB-92C0-97C8B6E7AE0D">
<createdBy>k_vin</createdBy>
<createdTime>2025-08-30 21:45:10 UTC</createdTime>
<ownerDesignName>Vivir_Mejor</ownerDesignName>
<engineerTo>
<item key="E8C351AB-6CF0-C161-B517-F2ECE5B57ED5" value="true"/>
</engineerTo>
<useDomainConstraints>false</useDomainConstraints>
<use>1</use>
<logicalDatatype>LOGDT024</logicalDatatype>
<dataTypeSize>200</dataTypeSize>
<ownDataTypeParameters>200,,</ownDataTypeParameters>
</Attribute>
<Attribute name="id_comuna" id="D8BB38BF-8D38-117E-00C3-1CDC731608E4">
<createdBy>k_vin</createdBy>
<createdTime>2025-08-30 20:38:38 UTC</createdTime>
<generatorID>3C5A7A08-E552-C481-DCF6-D0FA4FF19350</generatorID>
<ownerDesignName>Vivir_Mejor</ownerDesignName>
<engineerTo>
<item key="E8C351AB-6CF0-C161-B517-F2ECE5B57ED5" value="true"/>
</engineerTo>
<nullsAllowed>true</nullsAllowed>
<referedAttribute>46EBD53F-2E3F-C917-0646-79F72D1D5F96</referedAttribute>
<useDomainConstraints>false</useDomainConstraints>
<use>1</use>
<logicalDatatype>LOGDT019</logicalDatatype>
<ownDataTypeParameters>,,</ownDataTypeParameters>
</Attribute>
<Attribute name="id_organizacion" id="229C88FF-7225-5A7A-D658-0BC3AD8EC4F5">
<createdBy>k_vin</createdBy>
<createdTime>2025-08-30 21:41:19 UTC</createdTime>
<generatorID>65217E19-774F-31C8-75DB-3C15E56E8ACD</generatorID>
<ownerDesignName>Vivir_Mejor</ownerDesignName>
<engineerTo>
<item key="E8C351AB-6CF0-C161-B517-F2ECE5B57ED5" value="true"/>
</engineerTo>
<referedAttribute>B478EE9D-4427-2ABC-859C-79579E21C260</referedAttribute>
<useDomainConstraints>false</useDomainConstraints>
<use>1</use>
<logicalDatatype>LOGDT019</logicalDatatype>
<ownDataTypeParameters>,,</ownDataTypeParameters>
</Attribute>
</attributes>
<identifiers itemClass="oracle.dbtools.crest.model.design.logical.CandidateKey">
<identifier id="BC2F2E4F-931F-1609-91B0-1A0BB1C3466D" name="RESIDENCIA PK">
<createdBy>k_vin</createdBy>
<createdTime>2025-08-28 19:19:45 UTC</createdTime>
<ownerDesignName>Vivir_Mejor</ownerDesignName>
<engineerTo>
<item key="E8C351AB-6CF0-C161-B517-F2ECE5B57ED5" value="true"/>
</engineerTo>
<pk>true</pk>
<usedAttributes>
<attributeRef>38C66E37-1EB9-215F-E3B7-92C14CF0D319</attributeRef>
</usedAttributes>
</identifier>
</identifiers>
</Entity>