<?xml version = '1.0' encoding = 'UTF-8'?>
<Entity class="oracle.dbtools.crest.model.design.logical.Entity" directorySegmentName="seg_0" id="4450C594-12FE-2BD9-56B8-2FFE393A0D54" name="COMUNA">
<createdBy>k_vin</createdBy>
<createdTime>2025-08-28 18:33:40 UTC</createdTime>
<ownerDesignName>Vivir_Mejor</ownerDesignName>
<engineerTo>
<item key="E8C351AB-6CF0-C161-B517-F2ECE5B57ED5" value="true"/>
</engineerTo>
<adequatelyNormalized>NO</adequatelyNormalized>
<expectedVolumes>0</expectedVolumes>
<fwdEngineeringStrategyName>Single Table</fwdEngineeringStrategyName>
<growthPercent>0</growthPercent>
<growthType>Year</growthType>
<maxVolumes>9999999</maxVolumes>
<minVolumes>0</minVolumes>
<normalForm>Third</normalForm>
<attributes itemClass="oracle.dbtools.crest.model.design.logical.Attribute">
<Attribute name="id_comuna" id="46EBD53F-2E3F-C917-0646-79F72D1D5F96">
<createdBy>k_vin</createdBy>
<createdTime>2025-08-28 19:17:13 UTC</createdTime>
<ownerDesignName>Vivir_Mejor</ownerDesignName>
<engineerTo>
<item key="E8C351AB-6CF0-C161-B517-F2ECE5B57ED5" value="true"/>
</engineerTo>
<useDomainConstraints>false</useDomainConstraints>
<use>1</use>
<logicalDatatype>LOGDT019</logicalDatatype>
<ownDataTypeParameters>,,</ownDataTypeParameters>
</Attribute>
<Attribute name="nombre" id="88D5B707-1389-6D62-F8DB-AB09B4402F23">
<createdBy>k_vin</createdBy>
<createdTime>2025-08-28 19:17:13 UTC</createdTime>
<ownerDesignName>Vivir_Mejor</ownerDesignName>
<engineerTo>
<item key="E8C351AB-6CF0-C161-B517-F2ECE5B57ED5" value="true"/>
</engineerTo>
<useDomainConstraints>false</useDomainConstraints>
<use>1</use>
<logicalDatatype>LOGDT024</logicalDatatype>
<dataTypeSize>200</dataTypeSize>
<ownDataTypeParameters>200,,</ownDataTypeParameters>
</Attribute>
<Attribute name="id_region" id="0678A587-142B-43CE-BE8F-DE61E8A0ADB7">
<createdBy>k_vin</createdBy>
<createdTime>2025-08-30 20:49:33 UTC</createdTime>
<generatorID>78DF47BA-61EC-FAF8-7670-A237D6AFFAF0</generatorID>
<ownerDesignName>Vivir_Mejor</ownerDesignName>
<engineerTo>
<item key="E8C351AB-6CF0-C161-B517-F2ECE5B57ED5" value="true"/>
</engineerTo>
<referedAttribute>C4C8F839-6E57-69C2-9D01-1B8C0E78E9D6</referedAttribute>
<useDomainConstraints>false</useDomainConstraints>
<use>1</use>
<logicalDatatype>LOGDT019</logicalDatatype>
<ownDataTypeParameters>,,</ownDataTypeParameters>
</Attribute>
</attributes>
<identifiers itemClass="oracle.dbtools.crest.model.design.logical.CandidateKey">
<identifier id="4EBC66D0-CAD2-33C4-8954-46DDF8274071" name="COMUNA PK">
<createdBy>k_vin</createdBy>
<createdTime>2025-08-28 19:17:47 UTC</createdTime>
<ownerDesignName>Vivir_Mejor</ownerDesignName>
<engineerTo>
<item key="E8C351AB-6CF0-C161-B517-F2ECE5B57ED5" value="true"/>
</engineerTo>
<pk>true</pk>
<usedAttributes>
<attributeRef>46EBD53F-2E3F-C917-0646-79F72D1D5F96</attributeRef>
</usedAttributes>
</identifier>
</identifiers>
</Entity>