<?xml version = '1.0' encoding = 'UTF-8'?>
<Entity class="oracle.dbtools.crest.model.design.logical.Entity" directorySegmentName="seg_0" id="7AA776ED-EA03-6341-8B8E-4A53C5E382A0" name="HABITACION">
<createdBy>k_vin</createdBy>
<createdTime>2025-08-28 18:34:48 UTC</createdTime>
<ownerDesignName>Vivir_Mejor</ownerDesignName>
<engineerTo>
<item key="E8C351AB-6CF0-C161-B517-F2ECE5B57ED5" value="true"/>
</engineerTo>
<adequatelyNormalized>NO</adequatelyNormalized>
<expectedVolumes>0</expectedVolumes>
<fwdEngineeringStrategyName>Single Table</fwdEngineeringStrategyName>
<growthPercent>0</growthPercent>
<growthType>Year</growthType>
<maxVolumes>9999999</maxVolumes>
<minVolumes>0</minVolumes>
<normalForm>Third</normalForm>
<attributes itemClass="oracle.dbtools.crest.model.design.logical.Attribute">
<Attribute name="id_habitacion" id="9B99D5A6-D41A-CF35-F1E2-F7E0D6132044">
<createdBy>k_vin</createdBy>
<createdTime>2025-08-28 20:04:57 UTC</createdTime>
<ownerDesignName>Vivir_Mejor</ownerDesignName>
<engineerTo>
<item key="E8C351AB-6CF0-C161-B517-F2ECE5B57ED5" value="true"/>
</engineerTo>
<useDomainConstraints>false</useDomainConstraints>
<use>1</use>
<logicalDatatype>LOGDT019</logicalDatatype>
<ownDataTypeParameters>,,</ownDataTypeParameters>
</Attribute>
<Attribute name="numero_habitacion" id="8E1A2E08-71BA-B658-F54B-D249E6EDE895">
<createdBy>k_vin</createdBy>
<createdTime>2025-08-30 21:46:21 UTC</createdTime>
<ownerDesignName>Vivir_Mejor</ownerDesignName>
<engineerTo>
<item key="E8C351AB-6CF0-C161-B517-F2ECE5B57ED5" value="true"/>
</engineerTo>
<useDomainConstraints>false</useDomainConstraints>
<use>1</use>
<logicalDatatype>LOGDT019</logicalDatatype>
<ownDataTypeParameters>,,</ownDataTypeParameters>
</Attribute>
<Attribute name="id_residencia" id="DD55ED15-6E80-99BB-4367-37933E2F9431">
<createdBy>k_vin</createdBy>
<createdTime>2025-08-30 20:39:34 UTC</createdTime>
<generatorID>456F07CC-1ED3-C820-61C6-123EFC0B77AF</generatorID>
<ownerDesignName>Vivir_Mejor</ownerDesignName>
<engineerTo>
<item key="E8C351AB-6CF0-C161-B517-F2ECE5B57ED5" value="true"/>
</engineerTo>
<referedAttribute>38C66E37-1EB9-215F-E3B7-92C14CF0D319</referedAttribute>
<useDomainConstraints>false</useDomainConstraints>
<use>1</use>
<logicalDatatype>LOGDT019</logicalDatatype>
<ownDataTypeParameters>,,</ownDataTypeParameters>
</Attribute>
<Attribute name="id_residente" id="05D0D03B-42BA-BFC9-9723-4CF84D6A239E">
<createdBy>k_vin</createdBy>
<createdTime>2025-08-30 20:57:12 UTC</createdTime>
<generatorID>4F1F087F-506C-2A1D-6E6C-C434C0F97647</generatorID>
<ownerDesignName>Vivir_Mejor</ownerDesignName>
<engineerTo>
<item key="E8C351AB-6CF0-C161-B517-F2ECE5B57ED5" value="true"/>
</engineerTo>
<referedAttribute>B1F961F6-23B3-CC36-BFE0-26A1931F5071</referedAttribute>
<useDomainConstraints>false</useDomainConstraints>
<use>1</use>
<logicalDatatype>LOGDT019</logicalDatatype>
<ownDataTypeParameters>,,</ownDataTypeParameters>
</Attribute>
</attributes>
<identifiers itemClass="oracle.dbtools.crest.model.design.logical.CandidateKey">
<identifier id="DC39CEEA-0C7B-1CA5-0AAD-92616CE31186" name="HABITACION PK">
<createdBy>k_vin</createdBy>
<createdTime>2025-08-28 20:05:03 UTC</createdTime>
<ownerDesignName>Vivir_Mejor</ownerDesignName>
<engineerTo>
<item key="E8C351AB-6CF0-C161-B517-F2ECE5B57ED5" value="true"/>
</engineerTo>
<pk>true</pk>
<usedAttributes>
<attributeRef>9B99D5A6-D41A-CF35-F1E2-F7E0D6132044</attributeRef>
</usedAttributes>
</identifier>
</identifiers>
</Entity>