<?xml version = '1.0' encoding = 'UTF-8'?>
<Entity class="oracle.dbtools.crest.model.design.logical.Entity" directorySegmentName="seg_0" id="940A326B-51D7-FC8F-223C-A70609012F46" name="RESIDENTE">
<createdBy>k_vin</createdBy>
<createdTime>2025-08-28 18:37:23 UTC</createdTime>
<ownerDesignName>Vivir_Mejor</ownerDesignName>
<engineerTo>
<item key="E8C351AB-6CF0-C161-B517-F2ECE5B57ED5" value="true"/>
</engineerTo>
<adequatelyNormalized>NO</adequatelyNormalized>
<expectedVolumes>0</expectedVolumes>
<fwdEngineeringStrategyName>Single Table</fwdEngineeringStrategyName>
<growthPercent>0</growthPercent>
<growthType>Year</growthType>
<maxVolumes>9999999</maxVolumes>
<minVolumes>0</minVolumes>
<normalForm>Third</normalForm>
<attributes itemClass="oracle.dbtools.crest.model.design.logical.Attribute">
<Attribute name="id_residente" id="B1F961F6-23B3-CC36-BFE0-26A1931F5071">
<createdBy>k_vin</createdBy>
<createdTime>2025-08-30 20:55:58 UTC</createdTime>
<ownerDesignName>Vivir_Mejor</ownerDesignName>
<engineerTo>
<item key="E8C351AB-6CF0-C161-B517-F2ECE5B57ED5" value="true"/>
</engineerTo>
<useDomainConstraints>false</useDomainConstraints>
<use>1</use>
<logicalDatatype>LOGDT019</logicalDatatype>
<ownDataTypeParameters>,,</ownDataTypeParameters>
</Attribute>
<Attribute name="run" id="AF084CEC-ED05-E34B-CFAC-A22E66F51135">
<createdBy>k_vin</createdBy>
<createdTime>2025-08-30 20:56:00 UTC</createdTime>
<ownerDesignName>Vivir_Mejor</ownerDesignName>
<engineerTo>
<item key="E8C351AB-6CF0-C161-B517-F2ECE5B57ED5" value="true"/>
</engineerTo>
<useDomainConstraints>false</useDomainConstraints>
<use>1</use>
<logicalDatatype>LOGDT019</logicalDatatype>
<ownDataTypeParameters>,,</ownDataTypeParameters>
</Attribute>
<Attribute name="digito" id="56D8FA13-A69D-A01F-D7F3-436A14D673F4">
<createdBy>k_vin</createdBy>
<createdTime>2025-08-30 20:56:01 UTC</createdTime>
<ownerDesignName>Vivir_Mejor</ownerDesignName>
<engineerTo>
<item key="E8C351AB-6CF0-C161-B517-F2ECE5B57ED5" value="true"/>
</engineerTo>
<useDomainConstraints>false</useDomainConstraints>
<use>1</use>
<logicalDatatype>LOGDT019</logicalDatatype>
<ownDataTypeParameters>,,</ownDataTypeParameters>
</Attribute>
<Attribute name="nombre" id="06957042-B307-CD6B-7233-05C59E3AC533">
<createdBy>k_vin</createdBy>
<createdTime>2025-08-30 20:56:52 UTC</createdTime>
<ownerDesignName>Vivir_Mejor</ownerDesignName>
<engineerTo>
<item key="E8C351AB-6CF0-C161-B517-F2ECE5B57ED5" value="true"/>
</engineerTo>
<useDomainConstraints>false</useDomainConstraints>
<use>1</use>
<logicalDatatype>LOGDT024</logicalDatatype>
<ownDataTypeParameters>,,</ownDataTypeParameters>
</Attribute>
<Attribute name="fecha_nacimiento" id="68CD0796-3AE0-4BC4-3F4E-61A0A920E5FB">
<createdBy>k_vin</createdBy>
<createdTime>2025-08-30 20:56:42 UTC</createdTime>
<ownerDesignName>Vivir_Mejor</ownerDesignName>
<engineerTo>
<item key="E8C351AB-6CF0-C161-B517-F2ECE5B57ED5" value="true"/>
</engineerTo>
<useDomainConstraints>false</useDomainConstraints>
<use>1</use>
<logicalDatatype>LOGDT007</logicalDatatype>
<ownDataTypeParameters>,,</ownDataTypeParameters>
</Attribute>
<Attribute name="autonomia" id="7EF12F3E-50B3-6C05-4CE4-496E93063E25">
<createdBy>k_vin</createdBy>
<createdTime>2025-08-30 20:56:56 UTC</createdTime>
<ownerDesignName>Vivir_Mejor</ownerDesignName>
<engineerTo>
<item key="E8C351AB-6CF0-C161-B517-F2ECE5B57ED5" value="true"/>
</engineerTo>
<useDomainConstraints>false</useDomainConstraints>
<use>1</use>
<logicalDatatype>LOGDT024</logicalDatatype>
<ownDataTypeParameters>,,</ownDataTypeParameters>
</Attribute>
<Attribute name="inicio_estadia" id="C791CC30-0F6D-E4FF-E401-F18EB5EAC0B8">
<createdBy>k_vin</createdBy>
<createdTime>2025-08-30 21:36:03 UTC</createdTime>
<generatorID>1350960F-0A96-F687-242E-8073506DACF8</generatorID>
<ownerDesignName>Vivir_Mejor</ownerDesignName>
<engineerTo>
<item key="E8C351AB-6CF0-C161-B517-F2ECE5B57ED5" value="true"/>
</engineerTo>
<referedAttribute>3F44AE1D-9605-1DDC-752A-C13C008125C2</referedAttribute>
<useDomainConstraints>false</useDomainConstraints>
<use>1</use>
<logicalDatatype>LOGDT007</logicalDatatype>
<ownDataTypeParameters>,,</ownDataTypeParameters>
</Attribute>
</attributes>
<identifiers itemClass="oracle.dbtools.crest.model.design.logical.CandidateKey">
<identifier id="9BEFE74C-9E8B-EBD5-3DD4-41562A5FE4D5" name="RESIDENTE PK">
<createdBy>k_vin</createdBy>
<createdTime>2025-08-30 20:57:10 UTC</createdTime>
<ownerDesignName>Vivir_Mejor</ownerDesignName>
<engineerTo>
<item key="E8C351AB-6CF0-C161-B517-F2ECE5B57ED5" value="true"/>
</engineerTo>
<pk>true</pk>
<usedAttributes>
<attributeRef>B1F961F6-23B3-CC36-BFE0-26A1931F5071</attributeRef>
</usedAttributes>
</identifier>
</identifiers>
</Entity>