<?xml version = '1.0' encoding = 'UTF-8'?>
<Entity class="oracle.dbtools.crest.model.design.logical.Entity" directorySegmentName="seg_0" id="AA16EBD9-1CDB-0429-45FE-4B4DCC583252" name="PERMANENTE">
<createdBy>k_vin</createdBy>
<createdTime>2025-08-30 20:53:39 UTC</createdTime>
<ownerDesignName>Vivir_Mejor</ownerDesignName>
<engineerTo>
<item key="E8C351AB-6CF0-C161-B517-F2ECE5B57ED5" value="true"/>
</engineerTo>
<adequatelyNormalized>NO</adequatelyNormalized>
<expectedVolumes>0</expectedVolumes>
<fwdEngineeringStrategyName>Single Table</fwdEngineeringStrategyName>
<growthPercent>0</growthPercent>
<growthType>Year</growthType>
<hierarchicalParent>940A326B-51D7-FC8F-223C-A70609012F46</hierarchicalParent>
<maxVolumes>9999999</maxVolumes>
<minVolumes>0</minVolumes>
<normalForm>Third</normalForm>
<attributes itemClass="oracle.dbtools.crest.model.design.logical.Attribute">
<Attribute name="historial_clinico" id="5412B60B-3354-1399-53C4-39A44A3EA1ED">
<createdBy>k_vin</createdBy>
<createdTime>2025-08-30 21:00:24 UTC</createdTime>
<ownerDesignName>Vivir_Mejor</ownerDesignName>
<engineerTo>
<item key="E8C351AB-6CF0-C161-B517-F2ECE5B57ED5" value="true"/>
</engineerTo>
<useDomainConstraints>false</useDomainConstraints>
<use>1</use>
<logicalDatatype>LOGDT024</logicalDatatype>
<ownDataTypeParameters>,,</ownDataTypeParameters>
</Attribute>
</attributes>
<identifiers itemClass="oracle.dbtools.crest.model.design.logical.CandidateKey">
<identifier id="EE169107-882B-6FB4-3D4B-319EA606E5EE" name="PERMANENTE PK">
<createdBy>k_vin</createdBy>
<createdTime>2025-08-30 21:02:04 UTC</createdTime>
<ownerDesignName>Vivir_Mejor</ownerDesignName>
<engineerTo>
<item key="E8C351AB-6CF0-C161-B517-F2ECE5B57ED5" value="true"/>
</engineerTo>
<pk>true</pk>
<usedAttributes>
<attributeRef>5412B60B-3354-1399-53C4-39A44A3EA1ED</attributeRef>
</usedAttributes>
</identifier>
</identifiers>
</Entity>