<?xml version = '1.0' encoding = 'UTF-8'?>
<Arc class="oracle.dbtools.crest.model.design.logical.Arc" directorySegmentName="seg_0" id="3AE61659-1493-5C52-955D-35A43F428F26" name="Arc_3">
<createdBy>k_vin</createdBy>
<createdTime>2025-08-30 22:04:40 UTC</createdTime>
<ownerDesignName>Vivir_Mejor</ownerDesignName>
<engineerTo>
<item key="E8C351AB-6CF0-C161-B517-F2ECE5B57ED5" value="true"/>
</engineerTo>
<entity>940A326B-51D7-FC8F-223C-A70609012F46</entity>
<relations>
<relationID>AF619869-8318-1005-6201-D27FD9664CD9</relationID>
<relationID>D4EC2599-91C4-CE21-E1E1-B2504CD2F43F</relationID>
</relations>
</Arc>