<?xml version = '1.0' encoding = 'UTF-8'?>
<Arc class="oracle.dbtools.crest.model.design.logical.Arc" directorySegmentName="seg_0" id="9172121A-1509-10F7-9825-0220580A7A9A" name="Arc_2">
<createdBy>k_vin</createdBy>
<createdTime>2025-08-30 21:59:36 UTC</createdTime>
<ownerDesignName>Vivir_Mejor</ownerDesignName>
<engineerTo>
<item key="E8C351AB-6CF0-C161-B517-F2ECE5B57ED5" value="true"/>
</engineerTo>
<entity>F4F42428-ED7E-7BF2-19C2-7664F1D37889</entity>
<relations>
<relationID>C550CD98-86BA-2E06-90D0-D007410451AA</relationID>
<relationID>7E0F78D2-7AB9-A833-1626-E7FF2EBE8BF5</relationID>
</relations>
</Arc>