<?xml version = '1.0' encoding = 'UTF-8'?>
<relationalModel class="oracle.dbtools.crest.model.design.relational.RelationalDesign" name="Relational_1" id="F3AFACFA-E855-1113-53DA-94ED0167D15A" mainViewID="92E951D2-ED49-6ADC-8FBD-962A6E15C1FD">
<createdBy>k_vin</createdBy>
<createdTime>2025-08-25 07:30:56 UTC</createdTime>
<ownerDesignName>BT&amp;Airways</ownerDesignName>
<shouldBeOpen>false</shouldBeOpen>
<selectedRDBMSSite>32076570-2523-435C-2E92-BF29817DFF70</selectedRDBMSSite>
</relationalModel>